source,source_url,captured_at,ranking_year,ranking_key,ranking_date_updated,ranking_status,average_commits_used,organization_key,team,team_full_name,team_slug,team_abbreviation,rank,on3_rank,industry_rank,score,on3_score,commits,applied_commits,avg_rating,on3_avg_rating,total_rating,on3_total_rating,five_stars,on3_five_stars,four_stars,on3_four_stars,three_stars,on3_three_stars,avg_nil_value,conference_rank
on3_hs_recruiting,https://www.on3.com/rivals/rankings/industry-team/basketball/2026/,2026-09-06T13:24:15+00:00,2026,579,2026-09-04T21:04:46+00:00,Published,4,3248,Arkansas,Arkansas Razorbacks,arkansas-razorbacks,ARK,1,2,1,98.227688172043,97.25,7,4,98.227688172043,97.25,94.974620984439,95.142857142857,2,2,4,5,1,0,,1
on3_hs_recruiting,https://www.on3.com/rivals/rankings/industry-team/basketball/2026/,2026-09-06T13:24:15+00:00,2026,579,2026-09-04T21:04:46+00:00,Published,4,13002,Duke,Duke Blue Devils,duke-blue-devils,DUKE,2,1,2,98.217002688172,98,5,4,98.217002688172,98,96.824181860683,96.2,2,3,2,1,1,1,,1
on3_hs_recruiting,https://www.on3.com/rivals/rankings/industry-team/basketball/2026/,2026-09-06T13:24:15+00:00,2026,579,2026-09-04T21:04:46+00:00,Published,4,1867,Alabama,Alabama Crimson Tide,alabama-crimson-tide,BAMA,3,4,3,95.966406615241,94.5,5,4,95.966406615241,94.5,93.373125292193,93.4,0,0,4,4,1,1,,2
on3_hs_recruiting,https://www.on3.com/rivals/rankings/industry-team/basketball/2026/,2026-09-06T13:24:15+00:00,2026,579,2026-09-04T21:04:46+00:00,Published,4,7567,Kansas,Kansas Jayhawks,kansas-jayhawks,KAN,4,5,4,95.673413394109,94.25,8,4,95.673413394109,94.25,89.90568314633,90.25,1,1,3,2,3,4,5000000,1
on3_hs_recruiting,https://www.on3.com/rivals/rankings/industry-team/basketball/2026/,2026-09-06T13:24:15+00:00,2026,579,2026-09-04T21:04:46+00:00,Published,4,23628,Texas,Texas Longhorns,texas-longhorns,TEX,5,7,5,95.459709560542,94,6,4,95.459709560542,94,91.09536192925,90.5,1,1,2,2,2,2,,3
on3_hs_recruiting,https://www.on3.com/rivals/rankings/industry-team/basketball/2026/,2026-09-06T13:24:15+00:00,2026,579,2026-09-04T21:04:46+00:00,Published,4,15421,Michigan,Michigan Wolverines,michigan-wolverines,MICH,6,3,6,95.351031439925,95.25,6,4,95.351031439925,95.25,91.759504051738,91.5,0,1,4,3,1,1,,1
on3_hs_recruiting,https://www.on3.com/rivals/rankings/industry-team/basketball/2026/,2026-09-06T13:24:15+00:00,2026,579,2026-09-04T21:04:46+00:00,Published,4,17525,Missouri,Missouri Tigers,missouri-tigers,MIZZ,7,9,7,95.116655139354,93.402540288177,3,3,95.714114851177,94,95.714114851177,94,1,1,1,1,1,1,,4
on3_hs_recruiting,https://www.on3.com/rivals/rankings/industry-team/basketball/2026/,2026-09-06T13:24:15+00:00,2026,579,2026-09-04T21:04:46+00:00,Published,4,15453,Michigan State,Michigan State Spartans,michigan-state-spartans,MSU,8,10,8,94.6209414446,93.25,4,4,94.6209414446,93.25,94.6209414446,93.25,0,0,4,4,0,0,,2
on3_hs_recruiting,https://www.on3.com/rivals/rankings/industry-team/basketball/2026/,2026-09-06T13:24:15+00:00,2026,579,2026-09-04T21:04:46+00:00,Published,4,10179,Oklahoma State,Oklahoma State Cowboys,oklahoma-state-cowboys,OKST,9,17,9,93.745199275362,92.25,4,4,93.745199275362,92.25,93.745199275362,92.25,0,0,3,3,1,1,,2
on3_hs_recruiting,https://www.on3.com/rivals/rankings/industry-team/basketball/2026/,2026-09-06T13:24:15+00:00,2026,579,2026-09-04T21:04:46+00:00,Published,4,21058,Vanderbilt,Vanderbilt Commodores,vanderbilt-commodores,VAN,10,11,10,93.702325853202,93,4,4,93.702325853202,93,93.702325853202,93,0,0,4,4,0,0,,5
on3_hs_recruiting,https://www.on3.com/rivals/rankings/industry-team/basketball/2026/,2026-09-06T13:24:15+00:00,2026,579,2026-09-04T21:04:46+00:00,Published,4,14710,Maryland,Maryland Terrapins,maryland-terrapins,MD,11,13,11,93.504800724638,92.75,4,4,93.504800724638,92.75,93.504800724638,92.75,1,1,1,2,2,1,,3
on3_hs_recruiting,https://www.on3.com/rivals/rankings/industry-team/basketball/2026/,2026-09-06T13:24:15+00:00,2026,579,2026-09-04T21:04:46+00:00,Published,4,6900,West Virginia,West Virginia Mountaineers,west-virginia-mountaineers,WVU,12,12,12,93.342832515194,92.75,4,4,93.342832515194,92.75,93.342832515194,92.75,0,0,3,3,1,1,,3
on3_hs_recruiting,https://www.on3.com/rivals/rankings/industry-team/basketball/2026/,2026-09-06T13:24:15+00:00,2026,579,2026-09-04T21:04:46+00:00,Published,4,20559,USC,USC Trojans,usc-trojans,USC,13,14,13,93.271926133707,92.75,4,4,93.271926133707,92.75,93.271926133707,92.75,1,1,2,2,0,0,,4
on3_hs_recruiting,https://www.on3.com/rivals/rankings/industry-team/basketball/2026/,2026-09-06T13:24:15+00:00,2026,579,2026-09-04T21:04:46+00:00,Published,4,7862,Illinois,Illinois Fighting Illini,illinois-fighting-illini,ILL,14,15,14,93.120582047686,92.5,6,4,93.120582047686,92.5,91.70291218638,91,0,0,2,2,4,4,,5
on3_hs_recruiting,https://www.on3.com/rivals/rankings/industry-team/basketball/2026/,2026-09-06T13:24:15+00:00,2026,579,2026-09-04T21:04:46+00:00,Published,4,8786,Purdue,Purdue Boilermakers,purdue-boilermakers,PUR,15,19,15,93.108242753623,92,5,4,93.108242753623,92,92.309347826087,91,0,0,3,3,2,2,,6
on3_hs_recruiting,https://www.on3.com/rivals/rankings/industry-team/basketball/2026/,2026-09-06T13:24:15+00:00,2026,579,2026-09-04T21:04:46+00:00,Published,4,7493,Houston,Houston Cougars,houston-cougars,HOU,16,16,16,93.079320715168,92.402540288177,3,3,93.676780426991,93,93.676780426991,93,0,0,2,2,1,1,,4
on3_hs_recruiting,https://www.on3.com/rivals/rankings/industry-team/basketball/2026/,2026-09-06T13:24:15+00:00,2026,579,2026-09-04T21:04:46+00:00,Published,4,19484,Florida State,Florida State Seminoles,florida-state-seminoles,FSU,17,22,17,92.738858695652,91.25,8,4,92.738858695652,91.25,87.143297101449,85.625,0,0,3,3,2,1,,2
on3_hs_recruiting,https://www.on3.com/rivals/rankings/industry-team/basketball/2026/,2026-09-06T13:24:15+00:00,2026,579,2026-09-04T21:04:46+00:00,Published,4,9486,North Carolina,North Carolina Tar Heels,north-carolina-tar-heels,UNC,18,23,18,92.48225514259,91,5,4,92.48225514259,91,89.985804114072,88.8,0,1,3,1,1,2,,3
on3_hs_recruiting,https://www.on3.com/rivals/rankings/industry-team/basketball/2026/,2026-09-06T13:24:15+00:00,2026,579,2026-09-04T21:04:46+00:00,Published,4,12005,Louisville,Louisville Cardinals,louisville-cardinals,LOU,19,18,19,92.274092415339,92.069206954844,3,3,92.871552127162,92.666666666667,92.871552127162,92.666666666667,0,0,2,2,1,1,,4
on3_hs_recruiting,https://www.on3.com/rivals/rankings/industry-team/basketball/2026/,2026-09-06T13:24:15+00:00,2026,579,2026-09-04T21:04:46+00:00,Published,4,3376,Arizona,Arizona Wildcats,arizona-wildcats,ARIZ,20,6,20,92.174135270256,94.069206954844,3,3,92.771594982079,94.666666666667,92.771594982079,94.666666666667,1,1,1,2,1,0,3200000,5
on3_hs_recruiting,https://www.on3.com/rivals/rankings/industry-team/basketball/2026/,2026-09-06T13:24:15+00:00,2026,579,2026-09-04T21:04:46+00:00,Published,4,16253,Mississippi State,Mississippi State Bulldogs,mississippi-state-bulldogs,MSST,21,28,21,91.781042703636,90.069206954844,3,3,92.378502415459,90.666666666667,92.378502415459,90.666666666667,0,0,2,2,1,1,,6
on3_hs_recruiting,https://www.on3.com/rivals/rankings/industry-team/basketball/2026/,2026-09-06T13:24:15+00:00,2026,579,2026-09-04T21:04:46+00:00,Published,4,15221,Stanford,Stanford Cardinal,stanford-cardinal,STAN,22,25,22,91.670742753623,90.25,5,4,91.670742753623,90.25,91.400579710145,89.8,0,0,2,2,3,3,,5
on3_hs_recruiting,https://www.on3.com/rivals/rankings/industry-team/basketball/2026/,2026-09-06T13:24:15+00:00,2026,579,2026-09-04T21:04:46+00:00,Published,4,10273,Oregon,Oregon Ducks,oregon-ducks,ORE,23,27,23,91.626013094784,90.069206954844,3,3,92.223472806607,90.666666666667,92.223472806607,90.666666666667,0,0,1,1,2,2,600000,7
on3_hs_recruiting,https://www.on3.com/rivals/rankings/industry-team/basketball/2026/,2026-09-06T13:24:15+00:00,2026,579,2026-09-04T21:04:46+00:00,Published,4,24635,Tennessee,Tennessee Volunteers,tennessee-volunteers,TENN,24,29,24,91.520199275362,90,4,4,91.520199275362,90,91.520199275362,90,0,0,2,2,2,2,,7
on3_hs_recruiting,https://www.on3.com/rivals/rankings/industry-team/basketball/2026/,2026-09-06T13:24:15+00:00,2026,579,2026-09-04T21:04:46+00:00,Published,4,9533,Ohio State,Ohio State Buckeyes,ohio-state-buckeyes,OHST,25,20,25,91.463712599346,91.75,4,4,91.463712599346,91.75,91.463712599346,91.75,1,1,1,1,2,2,,8
on3_hs_recruiting,https://www.on3.com/rivals/rankings/industry-team/basketball/2026/,2026-09-06T13:24:15+00:00,2026,579,2026-09-04T21:04:46+00:00,Published,4,2122,Baylor,Baylor Bears,baylor-bears,BAY,26,26,26,90.852762354563,90.069206954844,3,3,91.450222066386,90.666666666667,91.450222066386,90.666666666667,1,1,1,1,0,0,,6
on3_hs_recruiting,https://www.on3.com/rivals/rankings/industry-team/basketball/2026/,2026-09-06T13:24:15+00:00,2026,579,2026-09-04T21:04:46+00:00,Published,4,18521,Gonzaga University,Gonzaga University Bulldogs,gonzaga-bulldogs,GONZ,27,30,27,90.487323062562,89.887685381403,2,2,93.099637681159,92.5,93.099637681159,92.5,0,0,2,2,0,0,,1
on3_hs_recruiting,https://www.on3.com/rivals/rankings/industry-team/basketball/2026/,2026-09-06T13:24:15+00:00,2026,579,2026-09-04T21:04:46+00:00,Published,4,7145,Pittsburgh,Pittsburgh Panthers,pittsburgh-panthers,PITT,28,35,28,90.4858737872,88.887685381403,2,2,93.098188405797,91.5,93.098188405797,91.5,0,0,1,1,1,1,,6
on3_hs_recruiting,https://www.on3.com/rivals/rankings/industry-team/basketball/2026/,2026-09-06T13:24:15+00:00,2026,579,2026-09-04T21:04:46+00:00,Published,4,20420,VCU,VCU Rams,vcu-rams,VCU,29,24,29,90.415583932128,90.387685381403,2,2,93.027898550725,93,93.027898550725,93,0,0,2,2,0,0,,1
on3_hs_recruiting,https://www.on3.com/rivals/rankings/industry-team/basketball/2026/,2026-09-06T13:24:15+00:00,2026,579,2026-09-04T21:04:46+00:00,Published,4,24966,Connecticut,Connecticut Huskies,connecticut-huskies,CONN,30,32,30,90.149914450558,89.73587362151,3,3,90.747374162381,90.333333333333,90.747374162381,90.333333333333,0,0,2,2,0,0,,1
on3_hs_recruiting,https://www.on3.com/rivals/rankings/industry-team/basketball/2026/,2026-09-06T13:24:15+00:00,2026,579,2026-09-04T21:04:46+00:00,Published,4,20147,Wake Forest,Wake Forest Demon Deacons,wake-forest-demon-deacons,WAKE,31,45,31,89.994569439374,87.887685381403,2,2,92.606884057971,90.5,92.606884057971,90.5,0,0,2,1,0,1,,7
on3_hs_recruiting,https://www.on3.com/rivals/rankings/industry-team/basketball/2026/,2026-09-06T13:24:15+00:00,2026,579,2026-09-04T21:04:46+00:00,Published,4,21364,BYU,BYU Cougars,byu-cougars,BYU,32,8,32,89.887523375409,93.5,5,4,89.887523375409,93.5,87.910018700327,90.8,1,1,1,2,2,1,,7
on3_hs_recruiting,https://www.on3.com/rivals/rankings/industry-team/basketball/2026/,2026-09-06T13:24:15+00:00,2026,579,2026-09-04T21:04:46+00:00,Published,4,13098,Dayton,Dayton Flyers,dayton-flyers,DAY,33,34,33,89.76667072296,89.069206954844,3,3,90.364130434783,89.666666666667,90.364130434783,89.666666666667,0,0,2,1,1,2,,2
on3_hs_recruiting,https://www.on3.com/rivals/rankings/industry-team/basketball/2026/,2026-09-06T13:24:15+00:00,2026,579,2026-09-04T21:04:46+00:00,Published,4,8776,Indiana,Indiana Hoosiers,indiana-hoosiers,IND,34,43,34,89.698913043478,88,4,4,89.698913043478,88,89.698913043478,88,0,0,3,3,0,0,,9
on3_hs_recruiting,https://www.on3.com/rivals/rankings/industry-team/basketball/2026/,2026-09-06T13:24:15+00:00,2026,579,2026-09-04T21:04:46+00:00,Published,4,16674,Nebraska,Nebraska Cornhuskers,nebraska-cornhuskers,NEB,35,36,35,89.661960743722,88.887685381403,2,2,92.274275362319,91.5,92.274275362319,91.5,0,0,2,2,0,0,,10
on3_hs_recruiting,https://www.on3.com/rivals/rankings/industry-team/basketball/2026/,2026-09-06T13:24:15+00:00,2026,579,2026-09-04T21:04:46+00:00,Published,4,9661,Northwestern,Northwestern Wildcats,northwestern-wildcats,NW,36,39,36,89.214496975606,88.387685381403,2,2,91.826811594203,91,91.826811594203,91,0,0,1,2,1,0,,11
on3_hs_recruiting,https://www.on3.com/rivals/rankings/industry-team/basketball/2026/,2026-09-06T13:24:15+00:00,2026,579,2026-09-04T21:04:46+00:00,Published,4,8288,Iowa State,Iowa State Cyclones,iowa-state-cyclones,ISU,37,33,37,89.082854297839,89.069206954844,3,3,89.680314009662,89.666666666667,89.680314009662,89.666666666667,0,0,0,2,3,1,,8
on3_hs_recruiting,https://www.on3.com/rivals/rankings/industry-team/basketball/2026/,2026-09-06T13:24:15+00:00,2026,579,2026-09-04T21:04:46+00:00,Published,4,17948,Georgia Tech,Georgia Tech Yellow Jackets,georgia-tech-yellow-jackets,GTECH,38,44,38,88.829800724638,88,4,4,88.829800724638,88,88.829800724638,88,0,0,2,2,1,1,,8
on3_hs_recruiting,https://www.on3.com/rivals/rankings/industry-team/basketball/2026/,2026-09-06T13:24:15+00:00,2026,579,2026-09-04T21:04:46+00:00,Published,4,10166,Oklahoma,Oklahoma Sooners,oklahoma-sooners,OKLA,39,50,39,88.510028210882,87.402540288177,3,3,89.107487922705,88,89.107487922705,88,0,0,2,2,0,0,,8
on3_hs_recruiting,https://www.on3.com/rivals/rankings/industry-team/basketball/2026/,2026-09-06T13:24:15+00:00,2026,579,2026-09-04T21:04:46+00:00,Published,4,8918,Providence,Providence Friars,providence-friars,PROV,40,49,40,88.303627244699,87.402540288177,3,3,88.901086956522,88,88.901086956522,88,0,0,1,1,1,1,,2
on3_hs_recruiting,https://www.on3.com/rivals/rankings/industry-team/basketball/2026/,2026-09-06T13:24:15+00:00,2026,579,2026-09-04T21:04:46+00:00,Published,4,15217,University of San Francisco,University of San Francisco Dons,san-francisco-dons,USF,41,48,41,88.10435188238,87.73587362151,3,3,88.701811594203,88.333333333333,88.701811594203,88.333333333333,0,0,0,0,3,3,,1
on3_hs_recruiting,https://www.on3.com/rivals/rankings/industry-team/basketball/2026/,2026-09-06T13:24:15+00:00,2026,579,2026-09-04T21:04:46+00:00,Published,4,23590,Texas A&M,Texas A&M Aggies,texas-am-aggies,TAMU,42,38,42,88.050366375134,88.402540288177,3,3,88.647826086957,89,88.647826086957,89,0,0,2,2,0,0,,9
on3_hs_recruiting,https://www.on3.com/rivals/rankings/industry-team/basketball/2026/,2026-09-06T13:24:15+00:00,2026,579,2026-09-04T21:04:46+00:00,Published,4,24078,UCLA,UCLA Bruins,ucla-bruins,UCLA,43,46,43,87.974637681159,87.75,4,4,87.974637681159,87.75,87.974637681159,87.75,0,1,2,1,1,0,,12
on3_hs_recruiting,https://www.on3.com/rivals/rankings/industry-team/basketball/2026/,2026-09-06T13:24:15+00:00,2026,579,2026-09-04T21:04:46+00:00,Published,4,10511,Notre Dame,Notre Dame Fighting Irish,notre-dame-fighting-irish,ND,44,37,44,87.925970239868,88.73587362151,3,3,88.523429951691,89.333333333333,88.523429951691,89.333333333333,0,0,1,2,2,1,,9
on3_hs_recruiting,https://www.on3.com/rivals/rankings/industry-team/basketball/2026/,2026-09-06T13:24:15+00:00,2026,579,2026-09-04T21:04:46+00:00,Published,4,8296,Iowa,Iowa Hawkeyes,iowa-hawkeyes,IOWA,45,53,45,87.634786830678,87.387685381403,2,2,90.247101449275,90,90.247101449275,90,0,0,1,1,1,1,,13
on3_hs_recruiting,https://www.on3.com/rivals/rankings/industry-team/basketball/2026/,2026-09-06T13:24:15+00:00,2026,579,2026-09-04T21:04:46+00:00,Published,4,16527,NC State,NC State Wolfpack,nc-state-wolfpack,NCST,46,51,46,87.469810819578,87.402540288177,3,3,88.067270531401,88,88.067270531401,88,0,0,1,1,1,1,,10
on3_hs_recruiting,https://www.on3.com/rivals/rankings/industry-team/basketball/2026/,2026-09-06T13:24:15+00:00,2026,579,2026-09-04T21:04:46+00:00,Published,4,13173,Creighton,Creighton Bluejays,creighton-bluejays,Creighton,47,67,47,87.397347051462,85.402540288177,3,3,87.994806763285,86,87.994806763285,86,0,0,1,0,1,2,,3
on3_hs_recruiting,https://www.on3.com/rivals/rankings/industry-team/basketball/2026/,2026-09-06T13:24:15+00:00,2026,579,2026-09-04T21:04:46+00:00,Published,4,21351,UNLV,UNLV Rebels,unlv-rebels,UNLV,48,61,48,87.325004221983,86.387685381403,2,2,89.93731884058,89,89.93731884058,89,0,0,0,1,2,1,,1
on3_hs_recruiting,https://www.on3.com/rivals/rankings/industry-team/basketball/2026/,2026-09-06T13:24:15+00:00,2026,579,2026-09-04T21:04:46+00:00,Published,4,15505,Minnesota,Minnesota Golden Gophers,minnesota-golden-gophers,MINN,49,40,49,87.276936423443,88.069206954844,3,3,87.874396135266,88.666666666667,87.874396135266,88.666666666667,0,0,0,0,3,3,,14
on3_hs_recruiting,https://www.on3.com/rivals/rankings/industry-team/basketball/2026/,2026-09-06T13:24:15+00:00,2026,579,2026-09-04T21:04:46+00:00,Published,4,15228,Saint Mary's College of California,Saint Mary's College of California Gaels,saint-marys-gaels,SMC,50,70,50,87.081039855073,85.31075,1,1,93.770289855073,92,93.770289855073,92,0,0,1,1,0,0,,2
on3_hs_recruiting,https://www.on3.com/rivals/rankings/industry-team/basketball/2026/,2026-09-06T13:24:15+00:00,2026,579,2026-09-04T21:04:46+00:00,Published,4,23626,Texas State,Texas State Bobcats,texas-state-bobcats,TXST,51,52,51,87.03587362151,87.402540288177,3,3,87.633333333333,88,87.633333333333,88,0,0,0,0,3,3,,2
on3_hs_recruiting,https://www.on3.com/rivals/rankings/industry-team/basketball/2026/,2026-09-06T13:24:15+00:00,2026,579,2026-09-04T21:04:46+00:00,Published,4,19663,Villanova,Villanova Wildcats,villanova-wildcats,NOVA,52,21,52,86.982431758215,91.387685381403,2,2,89.594746376812,94,89.594746376812,94,0,0,1,2,1,0,,4
on3_hs_recruiting,https://www.on3.com/rivals/rankings/industry-team/basketball/2026/,2026-09-06T13:24:15+00:00,2026,579,2026-09-04T21:04:46+00:00,Published,4,20080,UTEP,UTEP Miners,utep-miners,UTEP,53,55,53,86.733941254361,87.069206954844,3,3,87.331400966184,87.666666666667,87.331400966184,87.666666666667,0,0,0,0,3,3,,2
on3_hs_recruiting,https://www.on3.com/rivals/rankings/industry-team/basketball/2026/,2026-09-06T13:24:15+00:00,2026,579,2026-09-04T21:04:46+00:00,Published,4,23426,Clemson,Clemson Tigers,clemson-tigers,CLEM,54,58,54,86.724883283346,86.402540288177,3,3,87.322342995169,87,87.322342995169,87,0,0,1,1,1,1,,11
on3_hs_recruiting,https://www.on3.com/rivals/rankings/industry-team/basketball/2026/,2026-09-06T13:24:15+00:00,2026,579,2026-09-04T21:04:46+00:00,Published,4,15675,Memphis,Memphis Tigers,memphis-tigers,MEM,55,72,55,86.689013718129,85.069206954844,3,3,87.286473429952,85.666666666667,87.286473429952,85.666666666667,0,0,1,0,1,2,,1
on3_hs_recruiting,https://www.on3.com/rivals/rankings/industry-team/basketball/2026/,2026-09-06T13:24:15+00:00,2026,579,2026-09-04T21:04:46+00:00,Published,4,8158,Sacramento State,Sacramento State Hornets,sacramento-state-hornets,SACS,56,75,56,86.643482482852,84.887685381403,2,2,89.255797101449,87.5,89.255797101449,87.5,0,0,0,0,2,2,,1
on3_hs_recruiting,https://www.on3.com/rivals/rankings/industry-team/basketball/2026/,2026-09-06T13:24:15+00:00,2026,579,2026-09-04T21:04:46+00:00,Published,4,15977,Miami,Miami Hurricanes,miami-hurricanes,MIA,57,59,57,86.60247032764,86.387685381403,2,2,89.214784946237,89,89.214784946237,89,1,1,0,0,0,0,,12
on3_hs_recruiting,https://www.on3.com/rivals/rankings/industry-team/basketball/2026/,2026-09-06T13:24:15+00:00,2026,579,2026-09-04T21:04:46+00:00,Published,4,24860,UCF,UCF Knights,ucf-knights,UCF,58,63,58,86.599460743722,85.887685381403,2,2,89.211775362319,88.5,89.211775362319,88.5,0,0,0,0,2,2,,9
on3_hs_recruiting,https://www.on3.com/rivals/rankings/industry-team/basketball/2026/,2026-09-06T13:24:15+00:00,2026,579,2026-09-04T21:04:46+00:00,Published,4,19511,FIU,FIU Golden Panthers,fiu-golden-panthers,FIU,59,73,59,86.492153814747,85.069206954844,3,3,87.08961352657,85.666666666667,87.08961352657,85.666666666667,0,0,1,0,1,2,,1
on3_hs_recruiting,https://www.on3.com/rivals/rankings/industry-team/basketball/2026/,2026-09-06T13:24:15+00:00,2026,579,2026-09-04T21:04:46+00:00,Published,4,6016,Xavier,Xavier Musketeers,xavier-musketeers,Xavier,60,65,60,86.445293911365,85.73587362151,3,3,87.042753623188,86.333333333333,87.042753623188,86.333333333333,0,0,1,1,1,1,,5
on3_hs_recruiting,https://www.on3.com/rivals/rankings/industry-team/basketball/2026/,2026-09-06T13:24:15+00:00,2026,579,2026-09-04T21:04:46+00:00,Published,4,17954,Georgia,Georgia Bulldogs,georgia-bulldogs,UGA,61,31,61,86.409420289855,89.75,5,4,86.409420289855,89.75,85.127536231884,87.8,0,0,0,1,4,3,,10
on3_hs_recruiting,https://www.on3.com/rivals/rankings/industry-team/basketball/2026/,2026-09-06T13:24:15+00:00,2026,579,2026-09-04T21:04:46+00:00,Published,4,9150,Ole Miss,Ole Miss Rebels,ole-miss-rebels,MISS,62,66,62,86.231612318841,85.5,4,4,86.231612318841,85.5,86.231612318841,85.5,0,0,0,0,3,3,,11
on3_hs_recruiting,https://www.on3.com/rivals/rankings/industry-team/basketball/2026/,2026-09-06T13:24:15+00:00,2026,579,2026-09-04T21:04:46+00:00,Published,4,24127,University of California-Irvine,University of California-Irvine Anteaters,uc-irvine-anteaters,UCSB,63,91,63,86.033213768116,83.31075,1,1,92.722463768116,90,92.722463768116,90,0,0,1,1,0,0,,1
on3_hs_recruiting,https://www.on3.com/rivals/rankings/industry-team/basketball/2026/,2026-09-06T13:24:15+00:00,2026,579,2026-09-04T21:04:46+00:00,Published,4,11280,Kent State,Kent State Golden Flashes,kent-state-golden-flashes,KENT,64,89,64,86.032851449275,83.31075,1,1,92.722101449275,90,92.722101449275,90,0,0,1,1,0,0,,2
on3_hs_recruiting,https://www.on3.com/rivals/rankings/industry-team/basketball/2026/,2026-09-06T13:24:15+00:00,2026,579,2026-09-04T21:04:46+00:00,Published,4,20676,California,California Golden Bears,california-golden-bears,CAL,65,56,65,85.698188405797,86.75,4,4,85.698188405797,86.75,85.698188405797,86.75,0,0,0,1,3,2,,13
on3_hs_recruiting,https://www.on3.com/rivals/rankings/industry-team/basketball/2026/,2026-09-06T13:24:15+00:00,2026,579,2026-09-04T21:04:46+00:00,Published,4,14543,Marquette,Marquette Golden Eagles,marquette-golden-eagles,MARQ,66,80,66,85.598913043478,84.5,4,4,85.598913043478,84.5,85.598913043478,84.5,0,0,1,1,1,1,,6
on3_hs_recruiting,https://www.on3.com/rivals/rankings/industry-team/basketball/2026/,2026-09-06T13:24:15+00:00,2026,579,2026-09-04T21:04:46+00:00,Published,4,19515,Florida Atlantic,Florida Atlantic Owls,florida-atlantic-owls,FAU,67,90,67,85.594083333333,83.31075,1,1,92.283333333333,90,92.283333333333,90,0,0,1,1,0,0,,2
on3_hs_recruiting,https://www.on3.com/rivals/rankings/industry-team/basketball/2026/,2026-09-06T13:24:15+00:00,2026,579,2026-09-04T21:04:46+00:00,Published,4,11508,Liberty,Liberty Flames,liberty-flames,LIB,68,54,68,85.394569273684,87.069206954844,3,3,85.992028985507,87.666666666667,85.992028985507,87.666666666667,0,0,0,0,3,3,,2
on3_hs_recruiting,https://www.on3.com/rivals/rankings/industry-team/basketball/2026/,2026-09-06T13:24:15+00:00,2026,579,2026-09-04T21:04:46+00:00,Published,4,14245,Utah Tech,Utah Tech Trailblazers,utah-tech-trailblazers,UTECH,69,84,69,85.06727173913,84.31075,1,1,91.75652173913,91,91.75652173913,91,0,0,1,1,0,0,,1
on3_hs_recruiting,https://www.on3.com/rivals/rankings/industry-team/basketball/2026/,2026-09-06T13:24:15+00:00,2026,579,2026-09-04T21:04:46+00:00,Published,4,24752,Colorado State,Colorado State Rams,colorado-state-rams,CSU,70,41,70,84.878989563539,88.069206954844,3,3,85.476449275362,88.666666666667,85.476449275362,88.666666666667,0,0,0,0,3,3,,3
on3_hs_recruiting,https://www.on3.com/rivals/rankings/industry-team/basketball/2026/,2026-09-06T13:24:15+00:00,2026,579,2026-09-04T21:04:46+00:00,Published,4,23643,Texas Tech,Texas Tech Red Raiders,texas-tech-red-raiders,TTU,71,64,71,84.820716456288,85.75,4,4,84.820716456288,85.75,84.820716456288,85.75,0,0,1,1,1,1,,10
on3_hs_recruiting,https://www.on3.com/rivals/rankings/industry-team/basketball/2026/,2026-09-06T13:24:15+00:00,2026,579,2026-09-04T21:04:46+00:00,Published,4,11420,Loyola (Chi),Loyola (Chi) Ramblers,loyola-chi-ramblers,LUC,72,68,72,84.752540453867,85.387685381403,2,2,87.364855072464,88,87.364855072464,88,0,0,0,0,2,2,,3
on3_hs_recruiting,https://www.on3.com/rivals/rankings/industry-team/basketball/2026/,2026-09-06T13:24:15+00:00,2026,579,2026-09-04T21:04:46+00:00,Published,4,16266,South Carolina,South Carolina Gamecocks,south-carolina-gamecocks,SC,73,57,73,84.700724637681,86.5,4,4,84.700724637681,86.5,84.700724637681,86.5,0,0,1,2,1,0,,12
on3_hs_recruiting,https://www.on3.com/rivals/rankings/industry-team/basketball/2026/,2026-09-06T13:24:15+00:00,2026,579,2026-09-04T21:04:46+00:00,Published,4,13214,DePaul,DePaul Blue Demons,depaul-blue-demons,DePaul,74,47,74,84.653144152911,87.73587362151,3,3,85.250603864734,88.333333333333,85.250603864734,88.333333333333,0,0,0,0,3,3,,7
on3_hs_recruiting,https://www.on3.com/rivals/rankings/industry-team/basketball/2026/,2026-09-06T13:24:15+00:00,2026,579,2026-09-04T21:04:46+00:00,Published,4,17760,Nevada,Nevada Wolf Pack,nevada-wolf-pack,NEV,75,69,75,84.572286830678,85.387685381403,2,2,87.184601449275,88,87.184601449275,88,0,0,0,0,2,2,,3
on3_hs_recruiting,https://www.on3.com/rivals/rankings/industry-team/basketball/2026/,2026-09-06T13:24:15+00:00,2026,579,2026-09-04T21:04:46+00:00,Published,4,20418,Virginia,Virginia Cavaliers,virginia-cavaliers,UVA,76,85,76,84.562561594203,84.31075,1,1,91.251811594203,91,91.251811594203,91,0,0,0,1,1,0,,14
on3_hs_recruiting,https://www.on3.com/rivals/rankings/industry-team/basketball/2026/,2026-09-06T13:24:15+00:00,2026,579,2026-09-04T21:04:46+00:00,Published,4,8537,Oregon State,Oregon State Beavers,oregon-state-beavers,ORST,77,88,77,84.554952898551,83.31075,1,1,91.244202898551,90,91.244202898551,90,0,0,0,1,1,0,,4
on3_hs_recruiting,https://www.on3.com/rivals/rankings/industry-team/basketball/2026/,2026-09-06T13:24:15+00:00,2026,579,2026-09-04T21:04:46+00:00,Published,4,8033,Pepperdine,Pepperdine Waves,pepperdine-waves,PEPP,78,87,78,84.536417265461,83.887685381403,2,2,87.148731884058,86.5,87.148731884058,86.5,0,0,1,1,0,0,,3
on3_hs_recruiting,https://www.on3.com/rivals/rankings/industry-team/basketball/2026/,2026-09-06T13:24:15+00:00,2026,579,2026-09-04T21:04:46+00:00,Published,4,18631,George Mason,George Mason Patriots,george-mason-patriots,George Mason,79,60,79,84.196562192997,86.387685381403,2,2,86.808876811594,89,86.808876811594,89,0,0,1,1,1,1,,4
on3_hs_recruiting,https://www.on3.com/rivals/rankings/industry-team/basketball/2026/,2026-09-06T13:24:15+00:00,2026,579,2026-09-04T21:04:46+00:00,Published,4,8917,Rhode Island,Rhode Island Rams,rhode-island-rams,RI,80,101,80,83.944445652174,82.31075,1,1,90.633695652174,89,90.633695652174,89,0,0,0,0,1,1,,5
on3_hs_recruiting,https://www.on3.com/rivals/rankings/industry-team/basketball/2026/,2026-09-06T13:24:15+00:00,2026,579,2026-09-04T21:04:46+00:00,Published,4,15308,St. John's,St. John's Red Storm,st-johns-red-storm,St. John's,81,62,81,83.942844202899,86,5,4,83.942844202899,86,83.154275362319,84.8,0,0,1,2,1,0,,8
on3_hs_recruiting,https://www.on3.com/rivals/rankings/industry-team/basketball/2026/,2026-09-06T13:24:15+00:00,2026,579,2026-09-04T21:04:46+00:00,Published,4,12013,Kentucky,Kentucky Wildcats,kentucky-wildcats,UK,82,79,82,83.834182800254,84.73587362151,3,3,84.431642512077,85.333333333333,84.431642512077,85.333333333333,0,0,0,0,2,2,,13
on3_hs_recruiting,https://www.on3.com/rivals/rankings/industry-team/basketball/2026/,2026-09-06T13:24:15+00:00,2026,579,2026-09-04T21:04:46+00:00,Published,4,6713,Western Kentucky,Western Kentucky Hilltoppers,western-kentucky-hilltoppers,WKU,83,81,83,83.819206954844,84.402540288177,3,3,84.416666666667,85,84.416666666667,85,0,0,0,0,2,2,,3
on3_hs_recruiting,https://www.on3.com/rivals/rankings/industry-team/basketball/2026/,2026-09-06T13:24:15+00:00,2026,579,2026-09-04T21:04:46+00:00,Published,4,3190,Austin Peay,Austin Peay Governors,austin-peay-governors,AP,84,42,84,83.798007246377,88,5,4,83.798007246377,88,83.038405797101,86.4,0,0,0,0,4,4,,
on3_hs_recruiting,https://www.on3.com/rivals/rankings/industry-team/basketball/2026/,2026-09-06T13:24:15+00:00,2026,579,2026-09-04T21:04:46+00:00,Published,4,13636,Drake,Drake Bulldogs,drake-bulldogs,DRAKE,85,76,85,83.747830308939,84.887685381403,2,2,86.360144927536,87.5,86.360144927536,87.5,0,0,0,0,2,2,,1
on3_hs_recruiting,https://www.on3.com/rivals/rankings/industry-team/basketball/2026/,2026-09-06T13:24:15+00:00,2026,579,2026-09-04T21:04:46+00:00,Published,4,20036,UTSA,UTSA Roadrunners,utsa-roadrunners,UTSA,86,78,86,83.699279584302,84.887685381403,2,2,86.311594202899,87.5,86.311594202899,87.5,0,0,0,0,2,2,,3
on3_hs_recruiting,https://www.on3.com/rivals/rankings/industry-team/basketball/2026/,2026-09-06T13:24:15+00:00,2026,579,2026-09-04T21:04:46+00:00,Published,4,7628,High Point,High Point Panthers,high-point-panthers,High Point,87,99,87,83.678141304348,82.31075,1,1,90.367391304348,89,90.367391304348,89,0,0,0,0,1,1,,1
on3_hs_recruiting,https://www.on3.com/rivals/rankings/industry-team/basketball/2026/,2026-09-06T13:24:15+00:00,2026,579,2026-09-04T21:04:46+00:00,Published,4,19614,Georgetown,Georgetown Hoyas,georgetown-hoyas,GU,88,103,88,83.669083333333,82.31075,1,1,90.358333333333,89,90.358333333333,89,0,0,0,0,1,1,,9
on3_hs_recruiting,https://www.on3.com/rivals/rankings/industry-team/basketball/2026/,2026-09-06T13:24:15+00:00,2026,579,2026-09-04T21:04:46+00:00,Published,4,16845,Seton Hall,Seton Hall Pirates,seton-hall-pirates,SETON,89,130,89,83.585387681159,81.31075,1,1,90.274637681159,88,90.274637681159,88,0,0,0,0,1,1,,10
on3_hs_recruiting,https://www.on3.com/rivals/rankings/industry-team/basketball/2026/,2026-09-06T13:24:15+00:00,2026,579,2026-09-04T21:04:46+00:00,Published,4,20620,California Baptist University,California Baptist University Lancers,california-baptist-lancers,CBU,90,133,90,83.565460144928,81.31075,1,1,90.254710144928,88,90.254710144928,88,0,0,0,0,1,1,,2
on3_hs_recruiting,https://www.on3.com/rivals/rankings/industry-team/basketball/2026/,2026-09-06T13:24:15+00:00,2026,579,2026-09-04T21:04:46+00:00,Published,4,15715,Saint Louis,Saint Louis Billikens,saint-louis-billikens,Saint Louis,91,128,91,83.558213768116,81.31075,1,1,90.247463768116,88,90.247463768116,88,0,0,0,0,1,1,,6
on3_hs_recruiting,https://www.on3.com/rivals/rankings/industry-team/basketball/2026/,2026-09-06T13:24:15+00:00,2026,579,2026-09-04T21:04:46+00:00,Published,4,8024,Rutgers,Rutgers Scarlet Knights,rutgers-scarlet-knights,RU,92,71,92,83.430525362319,85.25,4,4,83.430525362319,85.25,83.430525362319,85.25,0,0,0,1,2,1,,15
on3_hs_recruiting,https://www.on3.com/rivals/rankings/industry-team/basketball/2026/,2026-09-06T13:24:15+00:00,2026,579,2026-09-04T21:04:46+00:00,Published,4,21256,Butler,Butler Bulldogs,butler-bulldogs,BUT,93,98,93,83.122830308939,82.387685381403,2,2,85.735144927536,85,85.735144927536,85,0,0,1,1,0,0,,11
on3_hs_recruiting,https://www.on3.com/rivals/rankings/industry-team/basketball/2026/,2026-09-06T13:24:15+00:00,2026,579,2026-09-04T21:04:46+00:00,Published,4,21359,Utah,Utah Utes,utah-utes,UTAH,94,83,94,83.033216616679,84.402540288177,3,3,83.630676328502,85,83.630676328502,85,0,0,0,0,2,2,,11
on3_hs_recruiting,https://www.on3.com/rivals/rankings/industry-team/basketball/2026/,2026-09-06T13:24:15+00:00,2026,579,2026-09-04T21:04:46+00:00,Published,4,15648,Middle Tennessee State,Middle Tennessee State Blue Raiders,middle-tennessee-state-blue-raiders,MTSU,95,102,95,83.020170289855,82.31075,1,1,89.709420289855,89,89.709420289855,89,0,0,0,0,1,1,,4
on3_hs_recruiting,https://www.on3.com/rivals/rankings/industry-team/basketball/2026/,2026-09-06T13:24:15+00:00,2026,579,2026-09-04T21:04:46+00:00,Published,4,3357,Arizona State,Arizona State Sun Devils,arizona-state-sun-devils,ASU,96,93,96,83.002177969336,82.402540288177,3,3,83.599637681159,83,83.599637681159,83,0,0,0,0,1,1,,12
on3_hs_recruiting,https://www.on3.com/rivals/rankings/industry-team/basketball/2026/,2026-09-06T13:24:15+00:00,2026,579,2026-09-04T21:04:46+00:00,Published,4,14453,McNeese State,McNeese State Cowboys,mcneese-state-cowboys,MCN,97,77,97,82.981707120533,84.887685381403,2,2,85.59402173913,87.5,85.59402173913,87.5,0,0,0,0,2,2,,1
on3_hs_recruiting,https://www.on3.com/rivals/rankings/industry-team/basketball/2026/,2026-09-06T13:24:15+00:00,2026,579,2026-09-04T21:04:46+00:00,Published,4,23413,College of Charleston,College of Charleston Cougars,college-of-charleston-cougars,CHAR,98,149,98,82.944083333333,80.31075,1,1,89.633333333333,87,89.633333333333,87,0,0,0,0,1,1,,1
on3_hs_recruiting,https://www.on3.com/rivals/rankings/industry-team/basketball/2026/,2026-09-06T13:24:15+00:00,2026,579,2026-09-04T21:04:46+00:00,Published,4,23727,UNC Greensboro,UNC Greensboro Spartans,unc-greensboro-spartans,UNCG,99,106,99,82.793358695652,82.31075,1,1,89.482608695652,89,89.482608695652,89,0,0,0,0,1,1,,1
on3_hs_recruiting,https://www.on3.com/rivals/rankings/industry-team/basketball/2026/,2026-09-06T13:24:15+00:00,2026,579,2026-09-04T21:04:46+00:00,Published,4,14458,LSU,LSU Tigers,lsu-tigers,LSU,100,92,100,82.75,82.75,6,4,82.75,82.75,81.833333333333,81.833333333333,0,0,0,1,1,0,,14
on3_hs_recruiting,https://www.on3.com/rivals/rankings/industry-team/basketball/2026/,2026-09-06T13:24:15+00:00,2026,579,2026-09-04T21:04:46+00:00,Published,4,15173,San Diego,San Diego Toreros,san-diego-toreros,USD,101,125,101,82.706764492754,81.31075,1,1,89.396014492754,88,89.396014492754,88,0,0,0,0,1,1,,4
on3_hs_recruiting,https://www.on3.com/rivals/rankings/industry-team/basketball/2026/,2026-09-06T13:24:15+00:00,2026,579,2026-09-04T21:04:46+00:00,Published,4,16357,SMU,SMU Mustangs,smu-mustangs,SMU,102,110,102,82.685330308939,81.887685381403,2,2,85.297644927536,84.5,85.297644927536,84.5,0,0,0,0,1,1,,15
on3_hs_recruiting,https://www.on3.com/rivals/rankings/industry-team/basketball/2026/,2026-09-06T13:24:15+00:00,2026,579,2026-09-04T21:04:46+00:00,Published,4,15347,Syracuse,Syracuse Orange,syracuse-orange,SYR,103,107,103,82.58777173913,82.25,4,4,82.58777173913,82.25,82.58777173913,82.25,0,0,0,0,1,1,,16
on3_hs_recruiting,https://www.on3.com/rivals/rankings/industry-team/basketball/2026/,2026-09-06T13:24:15+00:00,2026,579,2026-09-04T21:04:46+00:00,Published,4,7963,Harvard,Harvard Crimson,harvard-crimson,HARV,104,115,104,82.524098424881,81.387685381403,2,2,85.136413043478,84,85.136413043478,84,0,0,0,0,1,1,,1
on3_hs_recruiting,https://www.on3.com/rivals/rankings/industry-team/basketball/2026/,2026-09-06T13:24:15+00:00,2026,579,2026-09-04T21:04:46+00:00,Published,4,10876,Louisiana,Louisiana Ragin Cajuns,louisiana-ragin-cajuns,UL,105,118,105,82.520475236476,81.387685381403,2,2,85.132789855073,84,85.132789855073,84,0,0,0,0,1,1,,1
on3_hs_recruiting,https://www.on3.com/rivals/rankings/industry-team/basketball/2026/,2026-09-06T13:24:15+00:00,2026,579,2026-09-04T21:04:46+00:00,Published,4,18890,Fordham,Fordham Rams,fordham-rams,FORD,106,131,106,82.396981884058,81.31075,1,1,89.086231884058,88,89.086231884058,88,0,0,0,0,1,1,,7
on3_hs_recruiting,https://www.on3.com/rivals/rankings/industry-team/basketball/2026/,2026-09-06T13:24:15+00:00,2026,579,2026-09-04T21:04:46+00:00,Published,4,7226,Penn State,Penn State Nittany Lions,penn-state-nittany-lions,PSU,107,111,107,82.354981884058,81.75,4,4,82.354981884058,81.75,82.354981884058,81.75,0,0,0,0,1,1,,16
on3_hs_recruiting,https://www.on3.com/rivals/rankings/industry-team/basketball/2026/,2026-09-06T13:24:15+00:00,2026,579,2026-09-04T21:04:46+00:00,Published,4,21323,USF,USF Bulls,usf-bulls,USF,108,109,108,82.352902607018,82.069206954844,3,3,82.950362318841,82.666666666667,82.950362318841,82.666666666667,0,0,0,0,1,1,,4
on3_hs_recruiting,https://www.on3.com/rivals/rankings/industry-team/basketball/2026/,2026-09-06T13:24:15+00:00,2026,579,2026-09-04T21:04:46+00:00,Published,4,23698,Towson,Towson Tigers,towson-tigers,TOW,109,134,109,82.181764492754,81.31075,1,1,88.871014492754,88,88.871014492754,88,0,0,0,0,1,1,,2
on3_hs_recruiting,https://www.on3.com/rivals/rankings/industry-team/basketball/2026/,2026-09-06T13:24:15+00:00,2026,579,2026-09-04T21:04:46+00:00,Published,4,8529,Pacific,Pacific Tigers,pacific-tigers,PAC,110,123,110,82.11075,81.31075,1,1,88.8,88,88.8,88,0,0,0,0,1,1,,5
on3_hs_recruiting,https://www.on3.com/rivals/rankings/industry-team/basketball/2026/,2026-09-06T13:24:15+00:00,2026,579,2026-09-04T21:04:46+00:00,Published,4,23254,UAB,UAB Blazers,uab-blazers,UAB,111,138,111,81.91721436691,80.887685381403,2,2,84.529528985507,83.5,84.529528985507,83.5,0,0,0,0,1,1,,5
on3_hs_recruiting,https://www.on3.com/rivals/rankings/industry-team/basketball/2026/,2026-09-06T13:24:15+00:00,2026,579,2026-09-04T21:04:46+00:00,Published,4,24749,Colorado,Colorado Buffaloes,colorado-buffaloes,COL,112,97,112,81.859665892042,82.402540288177,3,3,82.457125603865,83,82.457125603865,83,0,0,0,0,1,1,,13
on3_hs_recruiting,https://www.on3.com/rivals/rankings/industry-team/basketball/2026/,2026-09-06T13:24:15+00:00,2026,579,2026-09-04T21:04:46+00:00,Published,4,16767,Norfolk State,Norfolk State Spartans,norfolk-state-spartans,NFST,113,120,113,81.844207120533,81.387685381403,2,2,84.45652173913,84,84.45652173913,84,0,0,0,0,1,1,,1
on3_hs_recruiting,https://www.on3.com/rivals/rankings/industry-team/basketball/2026/,2026-09-06T13:24:15+00:00,2026,579,2026-09-04T21:04:46+00:00,Published,4,10891,Louisiana Tech,Louisiana Tech Bulldogs,louisiana-tech-bulldogs,LT,114,86,114,81.75,84,6,4,81.75,84,81.166666666667,82.666666666667,0,0,0,0,2,2,,5
on3_hs_recruiting,https://www.on3.com/rivals/rankings/industry-team/basketball/2026/,2026-09-06T13:24:15+00:00,2026,579,2026-09-04T21:04:46+00:00,Published,4,9306,North Texas,North Texas Mean Green,north-texas-mean-green,NTEX,115,117,115,81.621018714736,81.387685381403,2,2,84.233333333333,84,84.233333333333,84,0,0,0,0,1,1,,6
on3_hs_recruiting,https://www.on3.com/rivals/rankings/industry-team/basketball/2026/,2026-09-06T13:24:15+00:00,2026,579,2026-09-04T21:04:46+00:00,Published,4,17945,Georgia State,Georgia State Panthers,georgia-state-panthers,GSU,116,145,116,81.602416666667,80.31075,1,1,88.291666666667,87,88.291666666667,87,0,0,0,0,1,1,,3
on3_hs_recruiting,https://www.on3.com/rivals/rankings/industry-team/basketball/2026/,2026-09-06T13:24:15+00:00,2026,579,2026-09-04T21:04:46+00:00,Published,4,5667,Wisconsin,Wisconsin Badgers,wisconsin-badgers,WIS,117,95,117,81.560148983829,82.402540288177,3,3,82.157608695652,83,82.157608695652,83,0,0,0,0,1,1,,17
on3_hs_recruiting,https://www.on3.com/rivals/rankings/industry-team/basketball/2026/,2026-09-06T13:24:15+00:00,2026,579,2026-09-04T21:04:46+00:00,Published,4,23989,University of Massachusetts-Lowell,University of Massachusetts-Lowell River Hawks,umass-lowell-river-hawks,UML,118,135,118,81.544083333333,81.31075,1,1,88.233333333333,88,88.233333333333,88,0,0,0,0,1,1,,1
on3_hs_recruiting,https://www.on3.com/rivals/rankings/industry-team/basketball/2026/,2026-09-06T13:24:15+00:00,2026,579,2026-09-04T21:04:46+00:00,Published,4,1894,Auburn,Auburn Tigers,auburn-tigers,AUB,119,108,119,81.456888114264,82.069206954844,3,3,82.054347826087,82.666666666667,82.054347826087,82.666666666667,0,0,0,0,1,1,,15
on3_hs_recruiting,https://www.on3.com/rivals/rankings/industry-team/basketball/2026/,2026-09-06T13:24:15+00:00,2026,579,2026-09-04T21:04:46+00:00,Published,4,15246,San Jose State,San Jose State Spartans,san-jose-state-spartans,SJSU,120,127,120,81.444083333333,81.31075,1,1,88.133333333333,88,88.133333333333,88,0,0,0,0,1,1,,4
on3_hs_recruiting,https://www.on3.com/rivals/rankings/industry-team/basketball/2026/,2026-09-06T13:24:15+00:00,2026,579,2026-09-04T21:04:46+00:00,Published,4,19488,Florida,Florida Gators,florida-gators,UF,121,96,121,81.302540288177,82.402540288177,3,3,81.9,83,81.9,83,0,0,0,0,1,1,,16
on3_hs_recruiting,https://www.on3.com/rivals/rankings/industry-team/basketball/2026/,2026-09-06T13:24:15+00:00,2026,579,2026-09-04T21:04:46+00:00,Published,4,20319,Washington,Washington Huskies,washington-huskies,WASH,122,112,122,81.252781834071,81.73587362151,3,3,81.850241545894,82.333333333333,81.850241545894,82.333333333333,0,0,0,0,1,1,,18
on3_hs_recruiting,https://www.on3.com/rivals/rankings/industry-team/basketball/2026/,2026-09-06T13:24:15+00:00,2026,579,2026-09-04T21:04:46+00:00,Published,4,3239,Arkansas State,Arkansas State Red Wolves,arkansas-state-red-wolves,ARST,123,74,123,81.208337555316,84.887685381403,2,2,83.820652173913,87.5,83.820652173913,87.5,0,0,0,0,2,2,,4
on3_hs_recruiting,https://www.on3.com/rivals/rankings/industry-team/basketball/2026/,2026-09-06T13:24:15+00:00,2026,579,2026-09-04T21:04:46+00:00,Published,4,10826,Kennesaw State,Kennesaw State Owls,kennesaw-state-owls,KSU,124,82,124,81.069206954844,84.402540288177,3,3,81.666666666667,85,81.666666666667,85,0,0,0,0,2,2,,6
on3_hs_recruiting,https://www.on3.com/rivals/rankings/industry-team/basketball/2026/,2026-09-06T13:24:15+00:00,2026,579,2026-09-04T21:04:46+00:00,Published,4,8785,Indiana State,Indiana State Sycamores,indiana-state-sycamores,INST,125,116,125,80.721018714736,81.387685381403,2,2,83.333333333333,84,83.333333333333,84,0,0,0,0,1,1,,2
on3_hs_recruiting,https://www.on3.com/rivals/rankings/industry-team/basketball/2026/,2026-09-06T13:24:15+00:00,2026,579,2026-09-04T21:04:46+00:00,Published,4,13004,East Carolina,East Carolina Pirates,east-carolina-pirates,ECU,126,119,126,80.476453497345,81.387685381403,2,2,83.088768115942,84,83.088768115942,84,0,0,0,0,1,1,,7
on3_hs_recruiting,https://www.on3.com/rivals/rankings/industry-team/basketball/2026/,2026-09-06T13:24:15+00:00,2026,579,2026-09-04T21:04:46+00:00,Published,4,5600,Wofford,Wofford Terriers,wofford-terriers,WOFF,127,94,127,80.402540288177,82.402540288177,3,3,81,83,81,83,0,0,0,0,1,1,,2
on3_hs_recruiting,https://www.on3.com/rivals/rankings/industry-team/basketball/2026/,2026-09-06T13:24:15+00:00,2026,579,2026-09-04T21:04:46+00:00,Published,4,7832,Illinois-Chicago,Illinois-Chicago Flames,illinois-chicago-flames,UIC,128,114,128,80.387685381403,81.387685381403,2,2,83,84,83,84,0,0,0,0,2,2,,3
on3_hs_recruiting,https://www.on3.com/rivals/rankings/industry-team/basketball/2026/,2026-09-06T13:24:15+00:00,2026,579,2026-09-04T21:04:46+00:00,Published,4,20314,Washington State,Washington State Cougars,washington-state-cougars,WSU,129,132,129,80.377416666667,81.31075,1,1,87.066666666667,88,87.066666666667,88,0,0,0,0,1,1,,5
on3_hs_recruiting,https://www.on3.com/rivals/rankings/industry-team/basketball/2026/,2026-09-06T13:24:15+00:00,2026,579,2026-09-04T21:04:46+00:00,Published,4,15923,Stetson,Stetson Hatters,stetson-hatters,SU,130,185,130,80.366547101449,73.31075,1,1,87.055797101449,80,87.055797101449,80,0,0,0,0,1,0,,1
on3_hs_recruiting,https://www.on3.com/rivals/rankings/industry-team/basketball/2026/,2026-09-06T13:24:15+00:00,2026,579,2026-09-04T21:04:46+00:00,Published,4,7576,Kansas State,Kansas State Wildcats,kansas-state-wildcats,KSST,131,113,131,80.324279584302,81.387685381403,2,2,82.936594202899,84,82.936594202899,84,0,0,0,0,1,1,,14
on3_hs_recruiting,https://www.on3.com/rivals/rankings/industry-team/basketball/2026/,2026-09-06T13:24:15+00:00,2026,579,2026-09-04T21:04:46+00:00,Published,4,17506,Missouri-Kansas City,Missouri-Kansas City Kangaroos,missouri-kansas-city-kangaroos,UMKC,132,150,132,80,80,4,4,80,80,80,80,0,0,0,0,0,0,,1
on3_hs_recruiting,https://www.on3.com/rivals/rankings/industry-team/basketball/2026/,2026-09-06T13:24:15+00:00,2026,579,2026-09-04T21:04:46+00:00,Published,4,6591,Western Michigan,Western Michigan Broncos,western-michigan-broncos,WMU,133,136,133,79.869569439374,80.887685381403,2,2,82.481884057971,83.5,82.481884057971,83.5,0,0,0,0,1,1,,3
on3_hs_recruiting,https://www.on3.com/rivals/rankings/industry-team/basketball/2026/,2026-09-06T13:24:15+00:00,2026,579,2026-09-04T21:04:46+00:00,Published,4,8230,Hofstra,Hofstra Pride,hofstra-pride,HOF,134,100,134,79.805315217391,82.31075,1,1,86.494565217391,89,86.494565217391,89,0,0,0,0,1,1,,3
on3_hs_recruiting,https://www.on3.com/rivals/rankings/industry-team/basketball/2026/,2026-09-06T13:24:15+00:00,2026,579,2026-09-04T21:04:46+00:00,Published,4,8017,Princeton,Princeton Tigers,princeton-tigers,PRTN,135,162,135,79.671018714736,77.387685381403,2,2,82.283333333333,80,82.283333333333,80,0,0,0,0,1,0,,2
on3_hs_recruiting,https://www.on3.com/rivals/rankings/industry-team/basketball/2026/,2026-09-06T13:24:15+00:00,2026,579,2026-09-04T21:04:46+00:00,Published,4,7900,James Madison,James Madison Dukes,james-madison-dukes,JMAD,136,174,136,79.487923913044,73.31075,1,1,86.177173913044,80,86.177173913044,80,0,0,0,0,1,0,,5
on3_hs_recruiting,https://www.on3.com/rivals/rankings/industry-team/basketball/2026/,2026-09-06T13:24:15+00:00,2026,579,2026-09-04T21:04:46+00:00,Published,4,24520,Tulsa,Tulsa Golden Hurricane,tulsa-golden-hurricane,TLSA,137,139,137,79.387685381403,80.887685381403,2,2,82,83.5,82,83.5,0,0,0,0,1,1,,8
on3_hs_recruiting,https://www.on3.com/rivals/rankings/industry-team/basketball/2026/,2026-09-06T13:24:15+00:00,2026,579,2026-09-04T21:04:46+00:00,Published,4,15180,San Diego State,San Diego State Aztecs,san-diego-state-aztecs,SDSU,138,126,138,79.162199275362,81.31075,1,1,85.851449275362,88,85.851449275362,88,0,0,0,0,1,1,,6
on3_hs_recruiting,https://www.on3.com/rivals/rankings/industry-team/basketball/2026/,2026-09-06T13:24:15+00:00,2026,579,2026-09-04T21:04:46+00:00,Published,4,23243,Temple,Temple Owls,temple-owls,TEM,139,148,139,79.14227173913,80.31075,1,1,85.83152173913,87,85.83152173913,87,0,0,0,0,1,1,,9
on3_hs_recruiting,https://www.on3.com/rivals/rankings/industry-team/basketball/2026/,2026-09-06T13:24:15+00:00,2026,579,2026-09-04T21:04:46+00:00,Published,4,11610,California State University-Long Beach,California State University-Long Beach 49ers,long-beach-state-49ers,LBS,140,154,140,79.01075,79.31075,1,1,85.7,86,85.7,86,0,0,0,0,1,1,,
on3_hs_recruiting,https://www.on3.com/rivals/rankings/industry-team/basketball/2026/,2026-09-06T13:24:15+00:00,2026,579,2026-09-04T21:04:46+00:00,Published,4,19974,The University of Texas at Arlington,The University of Texas at Arlington Mavericks,ut-arlington-mavericks,UTA,141,146,141,78.977416666667,80.31075,1,1,85.666666666667,87,85.666666666667,87,0,0,0,0,1,1,,6
on3_hs_recruiting,https://www.on3.com/rivals/rankings/industry-team/basketball/2026/,2026-09-06T13:24:15+00:00,2026,579,2026-09-04T21:04:46+00:00,Published,4,20142,Boise State,Boise State Broncos,boise-state-broncos,BSU,142,104,142,78.953865942029,82.31075,1,1,85.643115942029,89,85.643115942029,89,0,0,0,0,1,1,,7
on3_hs_recruiting,https://www.on3.com/rivals/rankings/industry-team/basketball/2026/,2026-09-06T13:24:15+00:00,2026,579,2026-09-04T21:04:46+00:00,Published,4,23330,Tulane,Tulane Green Wave,tulane-green-wave,TUL,143,158,143,78.877416666667,79.31075,1,1,85.566666666667,86,85.566666666667,86,0,0,0,0,1,1,,10
on3_hs_recruiting,https://www.on3.com/rivals/rankings/industry-team/basketball/2026/,2026-09-06T13:24:15+00:00,2026,579,2026-09-04T21:04:46+00:00,Published,4,13927,East Tennessee State,East Tennessee State Buccaneers,east-tennessee-state-buccaneers,ETSU,144,155,144,78.644083333333,79.31075,1,1,85.333333333333,86,85.333333333333,86,0,0,0,0,1,1,,3
on3_hs_recruiting,https://www.on3.com/rivals/rankings/industry-team/basketball/2026/,2026-09-06T13:24:15+00:00,2026,579,2026-09-04T21:04:46+00:00,Published,4,18823,Fresno State,Fresno State Bulldogs,fresno-state-bulldogs,FRES,145,137,145,78.55435204807,80.887685381403,2,2,81.166666666667,83.5,81.166666666667,83.5,0,0,0,0,1,1,,8
on3_hs_recruiting,https://www.on3.com/rivals/rankings/industry-team/basketball/2026/,2026-09-06T13:24:15+00:00,2026,579,2026-09-04T21:04:46+00:00,Published,4,5656,Wisconsin-Milwaukee,Wisconsin-Milwaukee Panthers,wisconsin-milwaukee-panthers,MILW,146,140,146,78.387685381403,80.387685381403,2,2,81,83,81,83,0,0,0,0,1,1,,1
on3_hs_recruiting,https://www.on3.com/rivals/rankings/industry-team/basketball/2026/,2026-09-06T13:24:15+00:00,2026,579,2026-09-04T21:04:46+00:00,Published,4,7115,Yale,Yale Bulldogs,yale-bulldogs,YALE,147,141,147,78.344083333333,80.31075,1,1,85.033333333333,87,85.033333333333,87,0,0,0,0,1,1,,3
on3_hs_recruiting,https://www.on3.com/rivals/rankings/industry-team/basketball/2026/,2026-09-06T13:24:15+00:00,2026,579,2026-09-04T21:04:46+00:00,Published,4,10182,Oral Roberts,Oral Roberts Golden Eagles,oral-roberts-golden-eagles,Oral Roberts,148,177,148,78.31075,73.31075,1,1,85,80,85,80,0,0,0,0,1,0,,2
on3_hs_recruiting,https://www.on3.com/rivals/rankings/industry-team/basketball/2026/,2026-09-06T13:24:15+00:00,2026,579,2026-09-04T21:04:46+00:00,Published,4,7905,Richmond,Richmond Spiders,richmond-spiders,RICH,149,142,149,78.278141304348,80.31075,1,1,84.967391304348,87,84.967391304348,87,0,0,0,0,1,1,,8
on3_hs_recruiting,https://www.on3.com/rivals/rankings/industry-team/basketball/2026/,2026-09-06T13:24:15+00:00,2026,579,2026-09-04T21:04:46+00:00,Published,4,21261,Valparaiso,Valparaiso Beacons,valparaiso-crusaders,VALP,150,147,150,78.260025362319,80.31075,1,1,84.949275362319,87,84.949275362319,87,0,0,0,0,1,1,,4
on3_hs_recruiting,https://www.on3.com/rivals/rankings/industry-team/basketball/2026/,2026-09-06T13:24:15+00:00,2026,579,2026-09-04T21:04:46+00:00,Published,4,14348,Saint Joseph's University,Saint Joseph's University Hawks,saint-josephs-hawks,SJU,151,156,151,78.211112318841,79.31075,1,1,84.900362318841,86,84.900362318841,86,0,0,0,0,1,1,,9
on3_hs_recruiting,https://www.on3.com/rivals/rankings/industry-team/basketball/2026/,2026-09-06T13:24:15+00:00,2026,579,2026-09-04T21:04:46+00:00,Published,4,16627,South Dakota,South Dakota Coyotes,south-dakota-coyotes,SDAK,152,129,152,77.644083333333,81.31075,1,1,84.333333333333,88,84.333333333333,88,0,0,0,0,1,1,,3
on3_hs_recruiting,https://www.on3.com/rivals/rankings/industry-team/basketball/2026/,2026-09-06T13:24:15+00:00,2026,579,2026-09-04T21:04:46+00:00,Published,4,7203,Pennsylvania,Pennsylvania Quakers,pennsylvania-quakers,PENN,153,160,153,77.387685381403,77.387685381403,2,2,80,80,80,80,0,0,0,0,0,0,,4
on3_hs_recruiting,https://www.on3.com/rivals/rankings/industry-team/basketball/2026/,2026-09-06T13:24:15+00:00,2026,579,2026-09-04T21:04:46+00:00,Published,4,7494,Rice,Rice Owls,rice-owls,RICE,154,161,154,77.387685381403,77.387685381403,2,2,80,80,80,80,0,0,0,0,0,0,,11
on3_hs_recruiting,https://www.on3.com/rivals/rankings/industry-team/basketball/2026/,2026-09-06T13:24:15+00:00,2026,579,2026-09-04T21:04:46+00:00,Published,4,14980,Southern Illinois,Southern Illinois Salukis,southern-illinois-salukis,SILL,155,163,155,77.387685381403,77.387685381403,2,2,80,80,80,80,0,0,0,0,0,0,,5
on3_hs_recruiting,https://www.on3.com/rivals/rankings/industry-team/basketball/2026/,2026-09-06T13:24:15+00:00,2026,579,2026-09-04T21:04:46+00:00,Published,4,16193,New Orleans,New Orleans Privateers,new-orleans-privateers,NO,156,164,156,77.387685381403,77.387685381403,2,2,80,80,80,80,0,0,0,0,0,0,,2
on3_hs_recruiting,https://www.on3.com/rivals/rankings/industry-team/basketball/2026/,2026-09-06T13:24:15+00:00,2026,579,2026-09-04T21:04:46+00:00,Published,4,16672,University of Nebraska at Omaha,University of Nebraska at Omaha Mavericks,nebraska-omaha-mavericks,UNO,157,165,157,77.387685381403,77.387685381403,2,2,80,80,80,80,0,0,0,0,0,0,,4
on3_hs_recruiting,https://www.on3.com/rivals/rankings/industry-team/basketball/2026/,2026-09-06T13:24:15+00:00,2026,579,2026-09-04T21:04:46+00:00,Published,4,16839,Montana,Montana Grizzlies,montana-grizzlies,MONT,158,166,158,77.387685381403,77.387685381403,2,2,80,80,80,80,0,0,0,0,0,0,,2
on3_hs_recruiting,https://www.on3.com/rivals/rankings/industry-team/basketball/2026/,2026-09-06T13:24:15+00:00,2026,579,2026-09-04T21:04:46+00:00,Published,4,20485,Boston College,Boston College Eagles,boston-college-eagles,BC,159,167,159,77.387685381403,77.387685381403,2,2,80,80,80,80,0,0,0,0,0,0,,17
on3_hs_recruiting,https://www.on3.com/rivals/rankings/industry-team/basketball/2026/,2026-09-06T13:24:15+00:00,2026,579,2026-09-04T21:04:46+00:00,Published,4,23534,TCU,TCU Horned Frogs,tcu-horned-frogs,TCU,160,168,160,77.387685381403,77.387685381403,2,2,80,80,80,80,0,0,0,0,0,0,,15
on3_hs_recruiting,https://www.on3.com/rivals/rankings/industry-team/basketball/2026/,2026-09-06T13:24:15+00:00,2026,579,2026-09-04T21:04:46+00:00,Published,4,3406,Ball State,Ball State Cardinals,ball-state-cardinals,BALL,161,122,161,77.31075,81.31075,1,1,84,88,84,88,0,0,0,0,1,1,,4
on3_hs_recruiting,https://www.on3.com/rivals/rankings/industry-team/basketball/2026/,2026-09-06T13:24:15+00:00,2026,579,2026-09-04T21:04:46+00:00,Published,4,17360,Murray State,Murray State Racers,murray-state-racers,MURR,162,144,162,77.31075,80.31075,1,1,84,87,84,87,0,0,0,0,1,1,,6
on3_hs_recruiting,https://www.on3.com/rivals/rankings/industry-team/basketball/2026/,2026-09-06T13:24:15+00:00,2026,579,2026-09-04T21:04:46+00:00,Published,4,2315,Appalachian State,Appalachian State Mountaineers,appalachian-state-mountaineers,APP,163,151,163,76.644083333333,79.31075,1,1,83.333333333333,86,83.333333333333,86,0,0,0,0,1,1,,7
on3_hs_recruiting,https://www.on3.com/rivals/rankings/industry-team/basketball/2026/,2026-09-06T13:24:15+00:00,2026,579,2026-09-04T21:04:46+00:00,Published,4,16819,New Mexico State,New Mexico State Aggies,new-mexico-state-aggies,NMSU,164,157,164,76.644083333333,79.31075,1,1,83.333333333333,86,83.333333333333,86,0,0,0,0,1,1,,7
on3_hs_recruiting,https://www.on3.com/rivals/rankings/industry-team/basketball/2026/,2026-09-06T13:24:15+00:00,2026,579,2026-09-04T21:04:46+00:00,Published,4,12117,Lipscomb,Lipscomb Bisons,lipscomb-bisons,LIP,165,124,165,76.31075,81.31075,1,1,83,88,83,88,0,0,0,0,1,1,,2
on3_hs_recruiting,https://www.on3.com/rivals/rankings/industry-team/basketball/2026/,2026-09-06T13:24:15+00:00,2026,579,2026-09-04T21:04:46+00:00,Published,4,21361,Utah State,Utah State Aggies,utah-state-aggies,UTST,166,105,166,76.31075,82.31075,1,1,83,89,83,89,0,0,0,0,1,1,,9
on3_hs_recruiting,https://www.on3.com/rivals/rankings/industry-team/basketball/2026/,2026-09-06T13:24:15+00:00,2026,579,2026-09-04T21:04:46+00:00,Published,4,2358,Akron,Akron Zips,akron-zips,AKRN,167,121,167,75.977416666667,81.31075,1,1,82.666666666667,88,82.666666666667,88,0,0,0,0,1,1,,5
on3_hs_recruiting,https://www.on3.com/rivals/rankings/industry-team/basketball/2026/,2026-09-06T13:24:15+00:00,2026,579,2026-09-04T21:04:46+00:00,Published,4,7946,Holy Cross,Holy Cross Crusaders,holy-cross-crusaders,HC,168,152,168,75.977416666667,79.31075,1,1,82.666666666667,86,82.666666666667,86,0,0,0,0,1,1,,1
on3_hs_recruiting,https://www.on3.com/rivals/rankings/industry-team/basketball/2026/,2026-09-06T13:24:15+00:00,2026,579,2026-09-04T21:04:46+00:00,Published,4,15029,Massachusetts,Massachusetts Minutemen,massachusetts-minutemen,UMASS,169,143,169,75.644083333333,80.31075,1,1,82.333333333333,87,82.333333333333,87,0,0,0,0,1,1,,6
on3_hs_recruiting,https://www.on3.com/rivals/rankings/industry-team/basketball/2026/,2026-09-06T13:24:15+00:00,2026,579,2026-09-04T21:04:46+00:00,Published,4,10041,Northern Iowa,Northern Iowa Panthers,northern-iowa-panthers,UNI,170,153,170,75.31075,79.31075,1,1,82,86,82,86,0,0,0,0,1,1,,7
on3_hs_recruiting,https://www.on3.com/rivals/rankings/industry-team/basketball/2026/,2026-09-06T13:24:15+00:00,2026,579,2026-09-04T21:04:46+00:00,Published,4,23689,University of Maryland-Baltimore County,University of Maryland-Baltimore County Retrievers,umbc-retrievers,UMBC,171,159,171,75.31075,79.31075,1,1,82,86,82,86,0,0,0,0,1,1,,2
on3_hs_recruiting,https://www.on3.com/rivals/rankings/industry-team/basketball/2026/,2026-09-06T13:24:15+00:00,2026,579,2026-09-04T21:04:46+00:00,Published,4,9758,Northeastern,Northeastern Huskies,northeastern-huskies,NE,172,176,172,73.977416666667,73.31075,1,1,80.666666666667,80,80.666666666667,80,0,0,0,0,1,1,,4
on3_hs_recruiting,https://www.on3.com/rivals/rankings/industry-team/basketball/2026/,2026-09-06T13:24:15+00:00,2026,579,2026-09-04T21:04:46+00:00,Published,4,1946,Albany,Albany Great Danes,albany-great-danes,UALB,173,169,173,73.31075,73.31075,1,1,80,80,80,80,0,0,0,0,0,0,,3
on3_hs_recruiting,https://www.on3.com/rivals/rankings/industry-team/basketball/2026/,2026-09-06T13:24:15+00:00,2026,579,2026-09-04T21:04:46+00:00,Published,4,1994,Alcorn State,Alcorn State Braves,alcorn-state-braves,ALCN,174,170,174,73.31075,73.31075,1,1,80,80,80,80,0,0,0,0,0,0,,1
on3_hs_recruiting,https://www.on3.com/rivals/rankings/industry-team/basketball/2026/,2026-09-06T13:24:15+00:00,2026,579,2026-09-04T21:04:46+00:00,Published,4,5828,Wichita State,Wichita State Shockers,wichita-state-shockers,WICH,175,171,175,73.31075,73.31075,1,1,80,80,80,80,0,0,0,0,0,0,,12
on3_hs_recruiting,https://www.on3.com/rivals/rankings/industry-team/basketball/2026/,2026-09-06T13:24:15+00:00,2026,579,2026-09-04T21:04:46+00:00,Published,4,5953,Western Carolina,Western Carolina Catamounts,western-carolina-catamounts,WCAR,176,172,176,73.31075,73.31075,1,1,80,80,80,80,0,0,0,0,0,0,,4
on3_hs_recruiting,https://www.on3.com/rivals/rankings/industry-team/basketball/2026/,2026-09-06T13:24:15+00:00,2026,579,2026-09-04T21:04:46+00:00,Published,4,6904,Wyoming,Wyoming Cowboys,wyoming-cowboys,WYO,177,173,177,73.31075,73.31075,1,1,80,80,80,80,0,0,0,0,0,0,,5
on3_hs_recruiting,https://www.on3.com/rivals/rankings/industry-team/basketball/2026/,2026-09-06T13:24:15+00:00,2026,579,2026-09-04T21:04:46+00:00,Published,4,7916,Hampton,Hampton Pirates,hampton-pirates,HAMP,178,175,178,73.31075,73.31075,1,1,80,80,80,80,0,0,0,0,0,0,,5
on3_hs_recruiting,https://www.on3.com/rivals/rankings/industry-team/basketball/2026/,2026-09-06T13:24:15+00:00,2026,579,2026-09-04T21:04:46+00:00,Published,4,10888,Louisiana-Monroe,Louisiana-Monroe Warhawks,louisiana-monroe-warhawks,ULM,179,178,179,73.31075,73.31075,1,1,80,80,80,80,0,0,0,0,0,0,,8
on3_hs_recruiting,https://www.on3.com/rivals/rankings/industry-team/basketball/2026/,2026-09-06T13:24:15+00:00,2026,579,2026-09-04T21:04:46+00:00,Published,4,12137,Lane College,Lane College Dragons,lane-college-dragons,LANE,180,179,180,73.31075,73.31075,1,1,80,80,80,80,0,0,0,0,0,0,,
on3_hs_recruiting,https://www.on3.com/rivals/rankings/industry-team/basketball/2026/,2026-09-06T13:24:15+00:00,2026,579,2026-09-04T21:04:46+00:00,Published,4,14366,Samford,Samford Bulldogs,samford-bulldogs,SAM,181,180,181,73.31075,73.31075,1,1,80,80,80,80,0,0,0,0,0,0,,5
on3_hs_recruiting,https://www.on3.com/rivals/rankings/industry-team/basketball/2026/,2026-09-06T13:24:15+00:00,2026,579,2026-09-04T21:04:46+00:00,Published,4,14423,Mercer,Mercer Bears,mercer-bears,Mercer,182,181,182,73.31075,73.31075,1,1,80,80,80,80,0,0,0,0,0,0,,6
on3_hs_recruiting,https://www.on3.com/rivals/rankings/industry-team/basketball/2026/,2026-09-06T13:24:15+00:00,2026,579,2026-09-04T21:04:46+00:00,Published,4,14514,Maine,Maine Black Bears,maine-black-bears,ME,183,182,183,73.31075,73.31075,1,1,80,80,80,80,0,0,0,0,0,0,,4
on3_hs_recruiting,https://www.on3.com/rivals/rankings/industry-team/basketball/2026/,2026-09-06T13:24:15+00:00,2026,579,2026-09-04T21:04:46+00:00,Published,4,14599,Stephen F. Austin,Stephen F. Austin Lumberjacks,stephen-f-austin-lumberjacks,SFA,184,183,184,73.31075,73.31075,1,1,80,80,80,80,0,0,0,0,0,0,,3
on3_hs_recruiting,https://www.on3.com/rivals/rankings/industry-team/basketball/2026/,2026-09-06T13:24:15+00:00,2026,579,2026-09-04T21:04:46+00:00,Published,4,15237,Santa Clara University,Santa Clara University Broncos,santa-clara-broncos,SC,185,184,185,73.31075,73.31075,1,1,80,80,80,80,0,0,0,0,0,0,,6
on3_hs_recruiting,https://www.on3.com/rivals/rankings/industry-team/basketball/2026/,2026-09-06T13:24:15+00:00,2026,579,2026-09-04T21:04:46+00:00,Published,4,17951,Georgia Southern,Georgia Southern Eagles,georgia-southern-eagles,GAS,186,186,186,73.31075,73.31075,1,1,80,80,80,80,0,0,0,0,0,0,,9
on3_hs_recruiting,https://www.on3.com/rivals/rankings/industry-team/basketball/2026/,2026-09-06T13:24:15+00:00,2026,579,2026-09-04T21:04:46+00:00,Published,4,18043,Francis Marion University,Francis Marion University Patriots,francis-marion-patriots,FMU,187,187,187,73.31075,73.31075,1,1,80,80,80,80,0,0,0,0,0,0,,
on3_hs_recruiting,https://www.on3.com/rivals/rankings/industry-team/basketball/2026/,2026-09-06T13:24:15+00:00,2026,579,2026-09-04T21:04:46+00:00,Published,4,18052,Furman,Furman Paladins,furman-paladins,FURM,188,188,188,73.31075,73.31075,1,1,80,80,80,80,0,0,0,0,0,0,,7
on3_hs_recruiting,https://www.on3.com/rivals/rankings/industry-team/basketball/2026/,2026-09-06T13:24:15+00:00,2026,579,2026-09-04T21:04:46+00:00,Published,4,20481,Boston University,Boston University Terriers,boston-university-terriers,BU,189,189,189,73.31075,73.31075,1,1,80,80,80,80,0,0,0,0,0,0,,2
on3_hs_recruiting,https://www.on3.com/rivals/rankings/industry-team/basketball/2026/,2026-09-06T13:24:15+00:00,2026,579,2026-09-04T21:04:46+00:00,Published,4,20803,Canisius University,Canisius University Golden Griffins,canisius-golden-griffins,Canisius,190,190,190,73.31075,73.31075,1,1,80,80,80,80,0,0,0,0,0,0,,
on3_hs_recruiting,https://www.on3.com/rivals/rankings/industry-team/basketball/2026/,2026-09-06T13:24:15+00:00,2026,579,2026-09-04T21:04:46+00:00,Published,4,21395,Bryant University,Bryant University Bulldogs,bryant-bulldogs,BRY,191,191,191,73.31075,73.31075,1,1,80,80,80,80,0,0,0,0,0,0,,5
on3_hs_recruiting,https://www.on3.com/rivals/rankings/industry-team/basketball/2026/,2026-09-06T13:24:15+00:00,2026,579,2026-09-04T21:04:46+00:00,Published,4,23617,Texas A & M University-Corpus Christi,Texas A & M University-Corpus Christi Islanders,texas-am-corpus-christi-islanders,AMCC,192,192,192,73.31075,73.31075,1,1,80,80,80,80,0,0,0,0,0,0,,4
on3_hs_recruiting,https://www.on3.com/rivals/rankings/industry-team/basketball/2026/,2026-09-06T13:24:15+00:00,2026,579,2026-09-04T21:04:46+00:00,Published,4,23745,Charlotte,Charlotte 49ers,charlotte-49ers,CHAR,193,193,193,73.31075,73.31075,1,1,80,80,80,80,0,0,0,0,0,0,,13
on3_hs_recruiting,https://www.on3.com/rivals/rankings/industry-team/basketball/2026/,2026-09-06T13:24:15+00:00,2026,579,2026-09-04T21:04:46+00:00,Published,4,23771,Toledo,Toledo Rockets,toledo-rockets,TOL,194,194,194,73.31075,73.31075,1,1,80,80,80,80,0,0,0,0,0,0,,7
on3_hs_recruiting,https://www.on3.com/rivals/rankings/industry-team/basketball/2026/,2026-09-06T13:24:15+00:00,2026,579,2026-09-04T21:04:46+00:00,Published,4,24206,Columbia,Columbia Lions,columbia-lions,COL,195,195,195,73.31075,73.31075,1,1,80,80,80,80,0,0,0,0,0,0,,5
on3_hs_recruiting,https://www.on3.com/rivals/rankings/industry-team/basketball/2026/,2026-09-06T13:24:15+00:00,2026,579,2026-09-04T21:04:46+00:00,Published,4,24628,Chattanooga,Chattanooga Mocs,chattanooga-mocs,CHATT,196,196,196,73.31075,73.31075,1,1,80,80,80,80,0,0,0,0,0,0,,8
on3_hs_recruiting,https://www.on3.com/rivals/rankings/industry-team/basketball/2026/,2026-09-06T13:24:15+00:00,2026,579,2026-09-04T21:04:46+00:00,Published,4,27499,Le Moyne College,Le Moyne College Dolphins,le-moyne-dolphins,LEM,197,197,197,73.31075,73.31075,1,1,80,80,80,80,0,0,0,0,0,0,,
