source,source_url,captured_at,season,division,school,conference,former_coach,new_coach,hoopdirt_row_id
hoopdirt_coaching_changes,https://hoopdirt.com/2026-coaching-changes-tracker/,2026-06-14T11:57:48+00:00,2026,D-I,Tarleton State,WAC,Billy Gillispie,Eric Haut,4687
hoopdirt_coaching_changes,https://hoopdirt.com/2026-coaching-changes-tracker/,2026-06-14T11:57:48+00:00,2026,D-I,Oregon State,WCC,Wayne Tinkle,Justin Joyner,4688
hoopdirt_coaching_changes,https://hoopdirt.com/2026-coaching-changes-tracker/,2026-06-14T11:57:48+00:00,2026,D-I,Air Force,Mountain West,Joe Scott,Joe Crispin,4691
hoopdirt_coaching_changes,https://hoopdirt.com/2026-coaching-changes-tracker/,2026-06-14T11:57:48+00:00,2026,D-I,San Diego,WCC,Steve Lavin,JR Blount,4692
hoopdirt_coaching_changes,https://hoopdirt.com/2026-coaching-changes-tracker/,2026-06-14T11:57:48+00:00,2026,D-I,Kansas State,Big 12,Jerome Tang,Casey Alexander,4693
hoopdirt_coaching_changes,https://hoopdirt.com/2026-coaching-changes-tracker/,2026-06-14T11:57:48+00:00,2026,D-I,Kansas City,Summit League,Marvin Menzies,Mark Turgeon,4697
hoopdirt_coaching_changes,https://hoopdirt.com/2026-coaching-changes-tracker/,2026-06-14T11:57:48+00:00,2026,D-I,Cal State Bakersfield,Big West,Mike Scott (INTERIM),Todd Lee,4709
hoopdirt_coaching_changes,https://hoopdirt.com/2026-coaching-changes-tracker/,2026-06-14T11:57:48+00:00,2026,D-I,Tennessee Tech,OVC,John Pelphrey,Tobin Anderson,4714
hoopdirt_coaching_changes,https://hoopdirt.com/2026-coaching-changes-tracker/,2026-06-14T11:57:48+00:00,2026,D-I,Lamar,Southland,Alvin Brooks,Jordan Fee,4716
hoopdirt_coaching_changes,https://hoopdirt.com/2026-coaching-changes-tracker/,2026-06-14T11:57:48+00:00,2026,D-I,Little Rock,OVC,Darrell Walker,Travis Ford,4734
hoopdirt_coaching_changes,https://hoopdirt.com/2026-coaching-changes-tracker/,2026-06-14T11:57:48+00:00,2026,D-I,Providence,Big East,Kim English,Brian Hodgson,4735
hoopdirt_coaching_changes,https://hoopdirt.com/2026-coaching-changes-tracker/,2026-06-14T11:57:48+00:00,2026,D-I,St. Bonaventure,A-10,Mark Schmidt,Mike MacDonald,4736
hoopdirt_coaching_changes,https://hoopdirt.com/2026-coaching-changes-tracker/,2026-06-14T11:57:48+00:00,2026,D-I,Ball State,MAC,Michael Lewis,Chris Capko,4738
hoopdirt_coaching_changes,https://hoopdirt.com/2026-coaching-changes-tracker/,2026-06-14T11:57:48+00:00,2026,D-I,Northern Illinois,MAC,Rashon Burno,Matt Majkrzak,4739
hoopdirt_coaching_changes,https://hoopdirt.com/2026-coaching-changes-tracker/,2026-06-14T11:57:48+00:00,2026,D-I,Western Michigan,MAC,Dwayne Stephens,Kahil Fennell,4740
hoopdirt_coaching_changes,https://hoopdirt.com/2026-coaching-changes-tracker/,2026-06-14T11:57:48+00:00,2026,D-I,Georgia Tech,ACC,Damon Stoudamire,Scott Cross,4741
hoopdirt_coaching_changes,https://hoopdirt.com/2026-coaching-changes-tracker/,2026-06-14T11:57:48+00:00,2026,D-I,Eastern Michigan,MAC,Stan Heath,Billy Donlon,4742
hoopdirt_coaching_changes,https://hoopdirt.com/2026-coaching-changes-tracker/,2026-06-14T11:57:48+00:00,2026,D-I,Boston College,ACC,Earl Grant,Luke Murray,4743
hoopdirt_coaching_changes,https://hoopdirt.com/2026-coaching-changes-tracker/,2026-06-14T11:57:48+00:00,2026,D-I,Louisiana Monroe,Sun Belt,Phil Cunningham,Ryan Cross,4744
hoopdirt_coaching_changes,https://hoopdirt.com/2026-coaching-changes-tracker/,2026-06-14T11:57:48+00:00,2026,D-I,Pepperdine,WCC,Ed Schilling,Griff Aldrich,4745
hoopdirt_coaching_changes,https://hoopdirt.com/2026-coaching-changes-tracker/,2026-06-14T11:57:48+00:00,2026,D-I,Arizona State,Big 12,Bobby Hurley,Randy Bennett,4751
hoopdirt_coaching_changes,https://hoopdirt.com/2026-coaching-changes-tracker/,2026-06-14T11:57:48+00:00,2026,D-I,Dartmouth,Ivy League,David McLaughlin,Brett MacConnell,4752
hoopdirt_coaching_changes,https://hoopdirt.com/2026-coaching-changes-tracker/,2026-06-14T11:57:48+00:00,2026,D-I,FIU,CUSA,Jeremy Ballard,Joey Cantens,4754
hoopdirt_coaching_changes,https://hoopdirt.com/2026-coaching-changes-tracker/,2026-06-14T11:57:48+00:00,2026,D-I,Syracuse,ACC,Adrian Autry,Gerry McNamara,4755
hoopdirt_coaching_changes,https://hoopdirt.com/2026-coaching-changes-tracker/,2026-06-14T11:57:48+00:00,2026,D-I,UNC Greensboro,SoCon,Mike Jones,Jerod Haase,4758
hoopdirt_coaching_changes,https://hoopdirt.com/2026-coaching-changes-tracker/,2026-06-14T11:57:48+00:00,2026,D-I,Weber State,Big Sky,Eric Duft,Kaleb Canales,4760
hoopdirt_coaching_changes,https://hoopdirt.com/2026-coaching-changes-tracker/,2026-06-14T11:57:48+00:00,2026,D-I,Belmont,MVC,Casey Alexander,Evan Bradds,4762
hoopdirt_coaching_changes,https://hoopdirt.com/2026-coaching-changes-tracker/,2026-06-14T11:57:48+00:00,2026,D-I,Georgia State,Sun Belt,Jonas Hayes,Jon Cremins,4763
hoopdirt_coaching_changes,https://hoopdirt.com/2026-coaching-changes-tracker/,2026-06-14T11:57:48+00:00,2026,D-I,Cincinnati,Big 12,Wes Miller,Jerrod Calhoun,4764
hoopdirt_coaching_changes,https://hoopdirt.com/2026-coaching-changes-tracker/,2026-06-14T11:57:48+00:00,2026,D-I,Butler,Big East,Thad Matta,Ronald Nored,4765
hoopdirt_coaching_changes,https://hoopdirt.com/2026-coaching-changes-tracker/,2026-06-14T11:57:48+00:00,2026,D-I,Charlotte,American,Aaron Fearne,Wes Miller,4767
hoopdirt_coaching_changes,https://hoopdirt.com/2026-coaching-changes-tracker/,2026-06-14T11:57:48+00:00,2026,D-I,Troy,Sun Belt,Scott Cross,Adam Howard,4775
hoopdirt_coaching_changes,https://hoopdirt.com/2026-coaching-changes-tracker/,2026-06-14T11:57:48+00:00,2026,D-I,UTRGV,Southland,Kahil Fennell,Brandon Chambers,4778
hoopdirt_coaching_changes,https://hoopdirt.com/2026-coaching-changes-tracker/,2026-06-14T11:57:48+00:00,2026,D-I,South Florida,American,Brian Hodgson,Chris Mack,4779
hoopdirt_coaching_changes,https://hoopdirt.com/2026-coaching-changes-tracker/,2026-06-14T11:57:48+00:00,2026,D-I,Siena,MAAC,Gerry McNamara,Nevada Smith,4781
hoopdirt_coaching_changes,https://hoopdirt.com/2026-coaching-changes-tracker/,2026-06-14T11:57:48+00:00,2026,D-I,Creighton,Big East,Greg McDermott,Alan Huss,4782
hoopdirt_coaching_changes,https://hoopdirt.com/2026-coaching-changes-tracker/,2026-06-14T11:57:48+00:00,2026,D-I,St Mary's,WCC,Randy Bennett,Mickey McConnell,4786
hoopdirt_coaching_changes,https://hoopdirt.com/2026-coaching-changes-tracker/,2026-06-14T11:57:48+00:00,2026,D-I,Utah State,Mountain West,Jerrod Calhoun,Ben Jacobson,4787
hoopdirt_coaching_changes,https://hoopdirt.com/2026-coaching-changes-tracker/,2026-06-14T11:57:48+00:00,2026,D-I,North Carolina,ACC,Hubert Davis,Michael Malone,4789
hoopdirt_coaching_changes,https://hoopdirt.com/2026-coaching-changes-tracker/,2026-06-14T11:57:48+00:00,2026,D-I,College of Charleston,CAA,Chris Mack,John Groce,4792
hoopdirt_coaching_changes,https://hoopdirt.com/2026-coaching-changes-tracker/,2026-06-14T11:57:48+00:00,2026,D-I,North Carolina State,ACC,Will Wade,Justin Gainey,4793
hoopdirt_coaching_changes,https://hoopdirt.com/2026-coaching-changes-tracker/,2026-06-14T11:57:48+00:00,2026,D-I,LSU,SEC,Matt McMahon,Will Wade,4794
hoopdirt_coaching_changes,https://hoopdirt.com/2026-coaching-changes-tracker/,2026-06-14T11:57:48+00:00,2026,D-I,Alabama State,SWAC,Tony Madlock,Chris Wright,4798
hoopdirt_coaching_changes,https://hoopdirt.com/2026-coaching-changes-tracker/,2026-06-14T11:57:48+00:00,2026,D-I,Cal Baptist,WAC,Rick Croy,Kyle Getter,4800
hoopdirt_coaching_changes,https://hoopdirt.com/2026-coaching-changes-tracker/,2026-06-14T11:57:48+00:00,2026,D-I,Northern Iowa,MVC,Ben Jacobson,Kyle Green,4802
hoopdirt_coaching_changes,https://hoopdirt.com/2026-coaching-changes-tracker/,2026-06-14T11:57:48+00:00,2026,D-I,Akron,MAC,John Groce,Dustin Ford,4804
hoopdirt_coaching_changes,https://hoopdirt.com/2026-coaching-changes-tracker/,2026-06-14T11:57:48+00:00,2026,D-I,Jackson State,SWAC,Mo Williams,Trey Johnson,4805
hoopdirt_coaching_changes,https://hoopdirt.com/2026-coaching-changes-tracker/,2026-06-14T11:57:48+00:00,2026,D-I,Mississippi Valley State,SWAC,George Ivory,Mike Davis,4809
hoopdirt_coaching_changes,https://hoopdirt.com/2026-coaching-changes-tracker/,2026-06-14T11:57:48+00:00,2026,D-I,Campbell,CAA,John Andrzejek,Jimmie WIlliams,4811
hoopdirt_coaching_changes,https://hoopdirt.com/2026-coaching-changes-tracker/,2026-06-14T11:57:48+00:00,2026,D-I,West Florida,ASUN,Justin Mann,Tanner Smith,4817
hoopdirt_coaching_changes,https://hoopdirt.com/2026-coaching-changes-tracker/,2026-06-14T11:57:48+00:00,2026,D-I,Texas Southern,SWAC,Johnny Jones,TBD,4830
hoopdirt_coaching_changes,https://hoopdirt.com/2026-coaching-changes-tracker/,2026-06-14T11:57:48+00:00,2026,D-I,Wagner,NEC,Donald Copeland,Dwan McMillan,4845
