team_id,team_name,season,conference,kenpom_coach,kenpom_coach_tenure_years_available,coach_changed,coach_change_status,team_match_type,team_match_score,hoopdirt_school,hoopdirt_conference,former_coach,new_coach,former_coach_matches_kenpom,former_coach_match_type,new_coach_known,new_coach_seen_in_kenpom_history,new_coach_last_seen_team_id,new_coach_last_seen_team_name,new_coach_last_seen_conference,new_coach_last_seen_season,hoopdirt_row_id,source_url,captured_at
1,Abilene Christian,2026,WAC,Brette Tanner,2,False,no_change_listed,no_match,,,,,,False,not_applicable,False,False,,,,,,,
2,Air Force,2026,MWC,Joe Scott,2,True,changed_known_new_coach,canonical_team_name,1.0,Air Force,Mountain West,Joe Scott,Joe Crispin,True,exact_normalized,True,False,,,,,4691,https://hoopdirt.com/2026-coaching-changes-tracker/,2026-04-13T23:57:19+00:00
3,Akron,2026,MAC,John Groce,2,True,changed_known_new_coach,canonical_team_name,1.0,Akron,MAC,John Groce,Dustin Ford,True,exact_normalized,True,False,,,,,4804,https://hoopdirt.com/2026-coaching-changes-tracker/,2026-04-13T23:57:19+00:00
4,Alabama,2026,SEC,Nate Oats,2,False,no_change_listed,no_match,,,,,,False,not_applicable,False,False,,,,,,,
5,Alabama A&M,2026,SWAC,Donte Jackson,1,False,no_change_listed,no_match,,,,,,False,not_applicable,False,False,,,,,,,
6,Alabama St.,2026,SWAC,Tony Madlock,2,True,changed_known_new_coach,canonical_team_name,1.0,Alabama State,SWAC,Tony Madlock,Chris Wright,True,exact_normalized,True,False,,,,,4798,https://hoopdirt.com/2026-coaching-changes-tracker/,2026-04-13T23:57:19+00:00
7,Albany,2026,AE,Dwayne Killings,2,False,no_change_listed,no_match,,,,,,False,not_applicable,False,False,,,,,,,
8,Alcorn St.,2026,SWAC,Jake Morton,1,False,no_change_listed,no_match,,,,,,False,not_applicable,False,False,,,,,,,
9,American,2026,PL,Duane Simpkins,2,False,no_change_listed,no_match,,,,,,False,not_applicable,False,False,,,,,,,
10,Appalachian St.,2026,SB,Dustin Kerns,2,False,no_change_listed,no_match,,,,,,False,not_applicable,False,False,,,,,,,
11,Arizona,2026,B12,Tommy Lloyd,2,False,no_change_listed,no_match,,,,,,False,not_applicable,False,False,,,,,,,
12,Arizona St.,2026,B12,Bobby Hurley,2,True,changed_known_new_coach,canonical_team_name,1.0,Arizona State,Big 12,Bobby Hurley,Randy Bennett,True,exact_normalized,True,True,247,Saint Mary's,WCC,2026,4751,https://hoopdirt.com/2026-coaching-changes-tracker/,2026-04-13T23:57:19+00:00
13,Arkansas,2026,SEC,John Calipari,2,False,no_change_listed,no_match,,,,,,False,not_applicable,False,False,,,,,,,
15,Arkansas Pine Bluff,2026,SWAC,Solomon Bozeman,2,False,no_change_listed,no_match,,,,,,False,not_applicable,False,False,,,,,,,
16,Arkansas St.,2026,SB,Ryan Pannone,1,False,no_change_listed,no_match,,,,,,False,not_applicable,False,False,,,,,,,
17,Army,2026,PL,Kevin Kuwik,2,False,no_change_listed,no_match,,,,,,False,not_applicable,False,False,,,,,,,
18,Auburn,2026,SEC,Steven Pearl,1,False,no_change_listed,no_match,,,,,,False,not_applicable,False,False,,,,,,,
19,Austin Peay,2026,ASun,Corey Gipson,2,False,no_change_listed,no_match,,,,,,False,not_applicable,False,False,,,,,,,
35,BYU,2026,B12,Kevin Young,2,False,no_change_listed,no_match,,,,,,False,not_applicable,False,False,,,,,,,
20,Ball St.,2026,MAC,Mike Lewis,2,True,changed_known_new_coach,canonical_team_name,1.0,Ball State,MAC,Michael Lewis,Chris Capko,True,first_last,True,False,,,,,4738,https://hoopdirt.com/2026-coaching-changes-tracker/,2026-04-13T23:57:19+00:00
21,Baylor,2026,B12,Scott Drew,2,False,no_change_listed,no_match,,,,,,False,not_applicable,False,False,,,,,,,
360,Bellarmine,2026,ASun,Doug Davenport,1,False,no_change_listed,no_match,,,,,,False,not_applicable,False,False,,,,,,,
22,Belmont,2026,MVC,Casey Alexander,2,True,changed_known_new_coach,canonical_team_name,1.0,Belmont,MVC,Casey Alexander,Evan Bradds,True,exact_normalized,True,False,,,,,4762,https://hoopdirt.com/2026-coaching-changes-tracker/,2026-04-13T23:57:19+00:00
23,Bethune Cookman,2026,SWAC,Reggie Theus,2,False,no_change_listed,no_match,,,,,,False,not_applicable,False,False,,,,,,,
24,Binghamton,2026,AE,Levell Sanders,2,False,no_change_listed,no_match,,,,,,False,not_applicable,False,False,,,,,,,
25,Boise St.,2026,MWC,Leon Rice,2,False,no_change_listed,no_match,,,,,,False,not_applicable,False,False,,,,,,,
26,Boston College,2026,ACC,Earl Grant,2,True,changed_known_new_coach,canonical_team_name,1.0,Boston College,ACC,Earl Grant,Luke Murray,True,exact_normalized,True,False,,,,,4743,https://hoopdirt.com/2026-coaching-changes-tracker/,2026-04-13T23:57:19+00:00
27,Boston University,2026,PL,Joe Jones,2,False,no_change_listed,no_match,,,,,,False,not_applicable,False,False,,,,,,,
28,Bowling Green,2026,MAC,Todd Simon,2,False,no_change_listed,no_match,,,,,,False,not_applicable,False,False,,,,,,,
29,Bradley,2026,MVC,Brian Wardle,2,False,no_change_listed,no_match,,,,,,False,not_applicable,False,False,,,,,,,
30,Brown,2026,Ivy,Mike Martin,2,False,no_change_listed,no_match,,,,,,False,not_applicable,False,False,,,,,,,
31,Bryant,2026,AE,Jamion Christian,1,False,no_change_listed,no_match,,,,,,False,not_applicable,False,False,,,,,,,
32,Bucknell,2026,PL,John Griffin,2,False,no_change_listed,no_match,,,,,,False,not_applicable,False,False,,,,,,,
33,Buffalo,2026,MAC,George Halcovage,2,False,no_change_listed,no_match,,,,,,False,not_applicable,False,False,,,,,,,
34,Butler,2026,BE,Thad Matta,2,True,changed_known_new_coach,canonical_team_name,1.0,Butler,Big East,Thad Matta,Ronald Nored,True,exact_normalized,True,False,,,,,4765,https://hoopdirt.com/2026-coaching-changes-tracker/,2026-04-13T23:57:19+00:00
39,CSUN,2026,BW,Andy Newman,2,False,no_change_listed,no_match,,,,,,False,not_applicable,False,False,,,,,,,
357,Cal Baptist,2026,WAC,Rick Croy,2,True,changed_known_new_coach,canonical_team_name,1.0,Cal Baptist,WAC,Rick Croy,Kyle Getter,True,exact_normalized,True,False,,,,,4800,https://hoopdirt.com/2026-coaching-changes-tracker/,2026-04-13T23:57:19+00:00
36,Cal Poly,2026,BW,Mike DeGeorge,2,False,no_change_listed,no_match,,,,,,False,not_applicable,False,False,,,,,,,
37,Cal St. Bakersfield,2026,BW,Mike Scott,1,True,changed_known_new_coach,canonical_team_name,1.0,Cal State Bakersfield,Big West,Mike Scott (INTERIM),Todd Lee,True,exact_normalized,True,False,,,,,4709,https://hoopdirt.com/2026-coaching-changes-tracker/,2026-04-13T23:57:19+00:00
38,Cal St. Fullerton,2026,BW,Dedrique Taylor,2,False,no_change_listed,no_match,,,,,,False,not_applicable,False,False,,,,,,,
40,California,2026,ACC,Mark Madsen,2,False,no_change_listed,no_match,,,,,,False,not_applicable,False,False,,,,,,,
41,Campbell,2026,CAA,John Andrzejek,1,True,changed_known_new_coach,canonical_team_name,1.0,Campbell,CAA,John Andrzejek,Jimmie WIlliams,True,exact_normalized,True,False,,,,,4811,https://hoopdirt.com/2026-coaching-changes-tracker/,2026-04-13T23:57:19+00:00
42,Canisius,2026,MAAC,Jim Christian,2,False,no_change_listed,no_match,,,,,,False,not_applicable,False,False,,,,,,,
43,Central Arkansas,2026,ASun,John Shulman,2,False,no_change_listed,no_match,,,,,,False,not_applicable,False,False,,,,,,,
44,Central Connecticut,2026,NEC,Patrick Sellers,2,False,no_change_listed,no_match,,,,,,False,not_applicable,False,False,,,,,,,
45,Central Michigan,2026,MAC,Andy Bronkema,1,False,no_change_listed,no_match,,,,,,False,not_applicable,False,False,,,,,,,
55,Charleston,2026,CAA,Chris Mack,2,True,changed_known_new_coach,canonical_team_name,1.0,College of Charleston,CAA,Chris Mack,John Groce,True,exact_normalized,True,True,3,Akron,MAC,2026,4792,https://hoopdirt.com/2026-coaching-changes-tracker/,2026-04-13T23:57:19+00:00
46,Charleston Southern,2026,BSth,Saah Nimley,2,False,no_change_listed,no_match,,,,,,False,not_applicable,False,False,,,,,,,
47,Charlotte,2026,Amer,Aaron Fearne,2,True,changed_known_new_coach,canonical_team_name,1.0,Charlotte,American,Aaron Fearne,Wes Miller,True,exact_normalized,True,True,50,Cincinnati,B12,2026,4767,https://hoopdirt.com/2026-coaching-changes-tracker/,2026-04-13T23:57:19+00:00
48,Chattanooga,2026,SC,Dan Earl,2,False,no_change_listed,no_match,,,,,,False,not_applicable,False,False,,,,,,,
49,Chicago St.,2026,NEC,Landon Bussie,1,False,no_change_listed,no_match,,,,,,False,not_applicable,False,False,,,,,,,
50,Cincinnati,2026,B12,Wes Miller,2,True,changed_known_new_coach,canonical_team_name,1.0,Cincinnati,Big 12,Wes Miller,Jerrod Calhoun,True,exact_normalized,True,True,320,Utah St.,MWC,2026,4764,https://hoopdirt.com/2026-coaching-changes-tracker/,2026-04-13T23:57:19+00:00
51,Clemson,2026,ACC,Brad Brownell,2,False,no_change_listed,no_match,,,,,,False,not_applicable,False,False,,,,,,,
52,Cleveland St.,2026,Horz,Rob Summers,1,False,no_change_listed,no_match,,,,,,False,not_applicable,False,False,,,,,,,
53,Coastal Carolina,2026,SB,Justin Gray,2,False,no_change_listed,no_match,,,,,,False,not_applicable,False,False,,,,,,,
54,Colgate,2026,PL,Matt Langel,2,False,no_change_listed,no_match,,,,,,False,not_applicable,False,False,,,,,,,
56,Colorado,2026,B12,Tad Boyle,2,False,no_change_listed,no_match,,,,,,False,not_applicable,False,False,,,,,,,
57,Colorado St.,2026,MWC,Ali Farokhmanesh,1,False,no_change_listed,no_match,,,,,,False,not_applicable,False,False,,,,,,,
58,Columbia,2026,Ivy,Kevin Hovde,1,False,no_change_listed,no_match,,,,,,False,not_applicable,False,False,,,,,,,
59,Connecticut,2026,BE,Dan Hurley,2,False,no_change_listed,no_match,,,,,,False,not_applicable,False,False,,,,,,,
60,Coppin St.,2026,MEAC,Larry Stewart,2,False,no_change_listed,no_match,,,,,,False,not_applicable,False,False,,,,,,,
61,Cornell,2026,Ivy,Jon Jaques,2,False,no_change_listed,no_match,,,,,,False,not_applicable,False,False,,,,,,,
62,Creighton,2026,BE,Greg McDermott,2,True,changed_known_new_coach,canonical_team_name,1.0,Creighton,Big East,Greg McDermott,Alan Huss,True,exact_normalized,True,True,110,High Point,BSth,2025,4782,https://hoopdirt.com/2026-coaching-changes-tracker/,2026-04-13T23:57:19+00:00
63,Dartmouth,2026,Ivy,Dave McLaughlin,2,True,changed_known_new_coach,canonical_team_name,1.0,Dartmouth,Ivy League,David McLaughlin,Brett MacConnell,True,first_last,True,False,,,,,4752,https://hoopdirt.com/2026-coaching-changes-tracker/,2026-04-13T23:57:19+00:00
64,Davidson,2026,A10,Matt McKillop,2,False,no_change_listed,no_match,,,,,,False,not_applicable,False,False,,,,,,,
65,Dayton,2026,A10,Anthony Grant,2,False,no_change_listed,no_match,,,,,,False,not_applicable,False,False,,,,,,,
69,DePaul,2026,BE,Chris Holtmann,2,False,no_change_listed,no_match,,,,,,False,not_applicable,False,False,,,,,,,
66,Delaware,2026,CUSA,Martin Ingelsby,2,False,no_change_listed,no_match,,,,,,False,not_applicable,False,False,,,,,,,
67,Delaware St.,2026,MEAC,Stan Waterman,2,False,no_change_listed,no_match,,,,,,False,not_applicable,False,False,,,,,,,
68,Denver,2026,Sum,Tim Bergstraser,1,False,no_change_listed,no_match,,,,,,False,not_applicable,False,False,,,,,,,
70,Detroit Mercy,2026,Horz,Mark Montgomery,2,False,no_change_listed,no_match,,,,,,False,not_applicable,False,False,,,,,,,
71,Drake,2026,MVC,Eric Henderson,1,False,no_change_listed,no_match,,,,,,False,not_applicable,False,False,,,,,,,
72,Drexel,2026,CAA,Zach Spiker,2,False,no_change_listed,no_match,,,,,,False,not_applicable,False,False,,,,,,,
73,Duke,2026,ACC,Jon Scheyer,2,False,no_change_listed,no_match,,,,,,False,not_applicable,False,False,,,,,,,
74,Duquesne,2026,A10,Dru Joyce,2,False,no_change_listed,no_match,,,,,,False,not_applicable,False,False,,,,,,,
75,East Carolina,2026,Amer,Mike Schwartz,2,False,no_change_listed,no_match,,,,,,False,not_applicable,False,False,,,,,,,
76,East Tennessee St.,2026,SC,Brooks Savage,2,False,no_change_listed,no_match,,,,,,False,not_applicable,False,False,,,,,,,
369,East Texas A&M,2026,Slnd,Jaret Von Rosenberg,2,False,no_change_listed,no_match,,,,,,False,not_applicable,False,False,,,,,,,
77,Eastern Illinois,2026,OVC,Marty Simmons,2,False,no_change_listed,no_match,,,,,,False,not_applicable,False,False,,,,,,,
78,Eastern Kentucky,2026,ASun,A.W. Hamilton,2,False,no_change_listed,no_match,,,,,,False,not_applicable,False,False,,,,,,,
79,Eastern Michigan,2026,MAC,Stan Heath,2,True,changed_known_new_coach,canonical_team_name,1.0,Eastern Michigan,MAC,Stan Heath,Billy Donlon,True,exact_normalized,True,False,,,,,4742,https://hoopdirt.com/2026-coaching-changes-tracker/,2026-04-13T23:57:19+00:00
80,Eastern Washington,2026,BSky,Dan Monson,2,False,no_change_listed,no_match,,,,,,False,not_applicable,False,False,,,,,,,
81,Elon,2026,CAA,Billy Taylor,2,False,no_change_listed,no_match,,,,,,False,not_applicable,False,False,,,,,,,
82,Evansville,2026,MVC,David Ragland,2,False,no_change_listed,no_match,,,,,,False,not_applicable,False,False,,,,,,,
85,FIU,2026,CUSA,Jeremy Ballard,2,True,changed_known_new_coach,canonical_team_name,1.0,FIU,CUSA,Jeremy Ballard,Joey Cantens,True,exact_normalized,True,False,,,,,4754,https://hoopdirt.com/2026-coaching-changes-tracker/,2026-04-13T23:57:19+00:00
83,Fairfield,2026,MAAC,Chris Casey,2,False,no_change_listed,no_match,,,,,,False,not_applicable,False,False,,,,,,,
84,Fairleigh Dickinson,2026,NEC,Jack Castleberry,2,False,no_change_listed,no_match,,,,,,False,not_applicable,False,False,,,,,,,
86,Florida,2026,SEC,Todd Golden,2,False,no_change_listed,no_match,,,,,,False,not_applicable,False,False,,,,,,,
87,Florida A&M,2026,SWAC,Charlie Ward,1,False,no_change_listed,no_match,,,,,,False,not_applicable,False,False,,,,,,,
88,Florida Atlantic,2026,Amer,John Jakus,2,False,no_change_listed,no_match,,,,,,False,not_applicable,False,False,,,,,,,
89,Florida Gulf Coast,2026,ASun,Pat Chambers,2,False,no_change_listed,no_match,,,,,,False,not_applicable,False,False,,,,,,,
90,Florida St.,2026,ACC,Luke Loucks,1,False,no_change_listed,no_match,,,,,,False,not_applicable,False,False,,,,,,,
91,Fordham,2026,A10,Mike Magpayo,1,False,no_change_listed,no_match,,,,,,False,not_applicable,False,False,,,,,,,
92,Fresno St.,2026,MWC,Vance Walberg,2,False,no_change_listed,no_match,,,,,,False,not_applicable,False,False,,,,,,,
93,Furman,2026,SC,Bob Richey,2,False,no_change_listed,no_match,,,,,,False,not_applicable,False,False,,,,,,,
94,Gardner Webb,2026,BSth,Jeremy Luther,2,False,no_change_listed,no_match,,,,,,False,not_applicable,False,False,,,,,,,
95,George Mason,2026,A10,Tony Skinn,2,False,no_change_listed,no_match,,,,,,False,not_applicable,False,False,,,,,,,
96,George Washington,2026,A10,Chris Caputo,2,False,no_change_listed,no_match,,,,,,False,not_applicable,False,False,,,,,,,
97,Georgetown,2026,BE,Ed Cooley,2,False,no_change_listed,no_match,,,,,,False,not_applicable,False,False,,,,,,,
98,Georgia,2026,SEC,Mike White,2,False,no_change_listed,no_match,,,,,,False,not_applicable,False,False,,,,,,,
99,Georgia Southern,2026,SB,Charlie Henry,2,False,no_change_listed,no_match,,,,,,False,not_applicable,False,False,,,,,,,
100,Georgia St.,2026,SB,Jonas Hayes,2,True,changed_known_new_coach,canonical_team_name,1.0,Georgia State,Sun Belt,Jonas Hayes,Jon Cremins,True,exact_normalized,True,False,,,,,4763,https://hoopdirt.com/2026-coaching-changes-tracker/,2026-04-13T23:57:19+00:00
101,Georgia Tech,2026,ACC,Damon Stoudamire,2,True,changed_known_new_coach,canonical_team_name,1.0,Georgia Tech,ACC,Damon Stoudamire,Scott Cross,True,exact_normalized,True,True,298,Troy,SB,2026,4741,https://hoopdirt.com/2026-coaching-changes-tracker/,2026-04-13T23:57:19+00:00
102,Gonzaga,2026,WCC,Mark Few,2,False,no_change_listed,no_match,,,,,,False,not_applicable,False,False,,,,,,,
103,Grambling St.,2026,SWAC,Patrick Crarey,1,False,no_change_listed,no_match,,,,,,False,not_applicable,False,False,,,,,,,
104,Grand Canyon,2026,MWC,Bryce Drew,2,False,no_change_listed,no_match,,,,,,False,not_applicable,False,False,,,,,,,
105,Green Bay,2026,Horz,Doug Gottlieb,2,False,no_change_listed,no_match,,,,,,False,not_applicable,False,False,,,,,,,
106,Hampton,2026,CAA,Ivan Thomas,2,False,no_change_listed,no_match,,,,,,False,not_applicable,False,False,,,,,,,
108,Harvard,2026,Ivy,Tommy Amaker,2,False,no_change_listed,no_match,,,,,,False,not_applicable,False,False,,,,,,,
109,Hawaii,2026,BW,Eran Ganot,2,False,no_change_listed,no_match,,,,,,False,not_applicable,False,False,,,,,,,
110,High Point,2026,BSth,Flynn Clayman,1,False,no_change_listed,no_match,,,,,,False,not_applicable,False,False,,,,,,,
111,Hofstra,2026,CAA,Speedy Claxton,2,False,no_change_listed,no_match,,,,,,False,not_applicable,False,False,,,,,,,
112,Holy Cross,2026,PL,Dave Paulsen,2,False,no_change_listed,no_match,,,,,,False,not_applicable,False,False,,,,,,,
113,Houston,2026,B12,Kelvin Sampson,2,False,no_change_listed,no_match,,,,,,False,not_applicable,False,False,,,,,,,
114,Houston Christian,2026,Slnd,Craig Doty,2,False,no_change_listed,no_match,,,,,,False,not_applicable,False,False,,,,,,,
115,Howard,2026,MEAC,Kenny Blakeney,2,False,no_change_listed,no_match,,,,,,False,not_applicable,False,False,,,,,,,
128,IU Indy,2026,Horz,Ben Howlett,1,False,no_change_listed,no_match,,,,,,False,not_applicable,False,False,,,,,,,
116,Idaho,2026,BSky,Alex Pribble,2,False,no_change_listed,no_match,,,,,,False,not_applicable,False,False,,,,,,,
117,Idaho St.,2026,BSky,Ryan Looney,2,False,no_change_listed,no_match,,,,,,False,not_applicable,False,False,,,,,,,
118,Illinois,2026,B10,Brad Underwood,2,False,no_change_listed,no_match,,,,,,False,not_applicable,False,False,,,,,,,
119,Illinois Chicago,2026,MVC,Rob Ehsan,2,False,no_change_listed,no_match,,,,,,False,not_applicable,False,False,,,,,,,
120,Illinois St.,2026,MVC,Ryan Pedon,2,False,no_change_listed,no_match,,,,,,False,not_applicable,False,False,,,,,,,
121,Incarnate Word,2026,Slnd,Shane Heirman,2,False,no_change_listed,no_match,,,,,,False,not_applicable,False,False,,,,,,,
122,Indiana,2026,B10,Darian DeVries,1,False,no_change_listed,no_match,,,,,,False,not_applicable,False,False,,,,,,,
123,Indiana St.,2026,MVC,Matthew Graves,2,False,no_change_listed,no_match,,,,,,False,not_applicable,False,False,,,,,,,
124,Iona,2026,MAAC,Dan Geriot,1,False,no_change_listed,no_match,,,,,,False,not_applicable,False,False,,,,,,,
125,Iowa,2026,B10,Ben McCollum,1,False,no_change_listed,no_match,,,,,,False,not_applicable,False,False,,,,,,,
126,Iowa St.,2026,B12,T.J. Otzelberger,2,False,no_change_listed,no_match,,,,,,False,not_applicable,False,False,,,,,,,
129,Jackson St.,2026,SWAC,Mo Williams,2,True,changed_known_new_coach,canonical_team_name,1.0,Jackson State,SWAC,Mo Williams,Trey Johnson (INTERIM),True,exact_normalized,True,False,,,,,4805,https://hoopdirt.com/2026-coaching-changes-tracker/,2026-04-13T23:57:19+00:00
130,Jacksonville,2026,ASun,Jordan Mincy,2,False,no_change_listed,no_match,,,,,,False,not_applicable,False,False,,,,,,,
131,Jacksonville St.,2026,CUSA,Ray Harper,2,False,no_change_listed,no_match,,,,,,False,not_applicable,False,False,,,,,,,
132,James Madison,2026,SB,Preston Spradlin,2,False,no_change_listed,no_match,,,,,,False,not_applicable,False,False,,,,,,,
133,Kansas,2026,B12,Bill Self,2,False,no_change_listed,no_match,,,,,,False,not_applicable,False,False,,,,,,,
310,Kansas City,2026,Sum,Marvin Menzies,2,True,changed_known_new_coach,canonical_team_name,1.0,Kansas City,Summit League,Marvin Menzies,Mark Turgeon,True,exact_normalized,True,False,,,,,4697,https://hoopdirt.com/2026-coaching-changes-tracker/,2026-04-13T23:57:19+00:00
134,Kansas St.,2026,B12,Jerome Tang,2,True,changed_known_new_coach,canonical_team_name,1.0,Kansas State,Big 12,Jerome Tang,Casey Alexander,True,exact_normalized,True,True,22,Belmont,MVC,2026,4693,https://hoopdirt.com/2026-coaching-changes-tracker/,2026-04-13T23:57:19+00:00
135,Kennesaw St.,2026,CUSA,Antoine Pettway,2,False,no_change_listed,no_match,,,,,,False,not_applicable,False,False,,,,,,,
136,Kent St.,2026,MAC,Rob Senderoff,2,False,no_change_listed,no_match,,,,,,False,not_applicable,False,False,,,,,,,
137,Kentucky,2026,SEC,Mark Pope,2,False,no_change_listed,no_match,,,,,,False,not_applicable,False,False,,,,,,,
144,LIU,2026,NEC,Rod Strickland,2,False,no_change_listed,no_match,,,,,,False,not_applicable,False,False,,,,,,,
154,LSU,2026,SEC,Matt McMahon,2,True,changed_known_new_coach,canonical_team_name,1.0,LSU,SEC,Matt McMahon,Will Wade,True,exact_normalized,True,True,200,N.C. State,ACC,2026,4794,https://hoopdirt.com/2026-coaching-changes-tracker/,2026-04-13T23:57:19+00:00
138,La Salle,2026,A10,Darris Nichols,1,False,no_change_listed,no_match,,,,,,False,not_applicable,False,False,,,,,,,
139,Lafayette,2026,PL,Mike McGarvey,2,False,no_change_listed,no_match,,,,,,False,not_applicable,False,False,,,,,,,
140,Lamar,2026,Slnd,Alvin Brooks,2,True,changed_known_new_coach,canonical_team_name,1.0,Lamar,Southland,Alvin Brooks,Jordan Fee,True,exact_normalized,True,False,,,,,4716,https://hoopdirt.com/2026-coaching-changes-tracker/,2026-04-13T23:57:19+00:00
370,Le Moyne,2026,NEC,Nate Champion,2,False,no_change_listed,no_match,,,,,,False,not_applicable,False,False,,,,,,,
141,Lehigh,2026,PL,Brett Reed,2,False,no_change_listed,no_match,,,,,,False,not_applicable,False,False,,,,,,,
142,Liberty,2026,CUSA,Ritchie McKay,2,False,no_change_listed,no_match,,,,,,False,not_applicable,False,False,,,,,,,
368,Lindenwood,2026,OVC,Kyle Gerdeman,2,False,no_change_listed,no_match,,,,,,False,not_applicable,False,False,,,,,,,
143,Lipscomb,2026,ASun,Kevin Carroll,1,False,no_change_listed,no_match,,,,,,False,not_applicable,False,False,,,,,,,
14,Little Rock,2026,OVC,Darrell Walker,2,True,changed_known_new_coach,canonical_team_name,1.0,Little Rock,OVC,Darrell Walker,Travis Ford,True,exact_normalized,True,False,,,,,4734,https://hoopdirt.com/2026-coaching-changes-tracker/,2026-04-13T23:57:19+00:00
145,Long Beach St.,2026,BW,Chris Acker,2,False,no_change_listed,no_match,,,,,,False,not_applicable,False,False,,,,,,,
146,Longwood,2026,BSth,Ronnie Thomas,1,False,no_change_listed,no_match,,,,,,False,not_applicable,False,False,,,,,,,
147,Louisiana,2026,SB,Quannas White,1,False,no_change_listed,no_match,,,,,,False,not_applicable,False,False,,,,,,,
148,Louisiana Monroe,2026,SB,Phil Cunningham,1,True,changed_known_new_coach,canonical_team_name,1.0,Louisiana Monroe,Sun Belt,Phil Cunningham,Ryan Cross,True,exact_normalized,True,False,,,,,4744,https://hoopdirt.com/2026-coaching-changes-tracker/,2026-04-13T23:57:19+00:00
149,Louisiana Tech,2026,CUSA,Talvin Hester,2,False,no_change_listed,no_match,,,,,,False,not_applicable,False,False,,,,,,,
150,Louisville,2026,ACC,Pat Kelsey,2,False,no_change_listed,no_match,,,,,,False,not_applicable,False,False,,,,,,,
151,Loyola Chicago,2026,A10,Drew Valentine,2,False,no_change_listed,no_match,,,,,,False,not_applicable,False,False,,,,,,,
153,Loyola MD,2026,PL,Josh Loeffler,2,False,no_change_listed,no_match,,,,,,False,not_applicable,False,False,,,,,,,
152,Loyola Marymount,2026,WCC,Stan Johnson,2,False,no_change_listed,no_match,,,,,,False,not_applicable,False,False,,,,,,,
155,Maine,2026,AE,Chris Markwood,2,False,no_change_listed,no_match,,,,,,False,not_applicable,False,False,,,,,,,
156,Manhattan,2026,MAAC,John Gallagher,2,False,no_change_listed,no_match,,,,,,False,not_applicable,False,False,,,,,,,
157,Marist,2026,MAAC,John Dunne,2,False,no_change_listed,no_match,,,,,,False,not_applicable,False,False,,,,,,,
158,Marquette,2026,BE,Shaka Smart,2,False,no_change_listed,no_match,,,,,,False,not_applicable,False,False,,,,,,,
159,Marshall,2026,SB,Cornelius Jackson,2,False,no_change_listed,no_match,,,,,,False,not_applicable,False,False,,,,,,,
160,Maryland,2026,B10,Buzz Williams,1,False,no_change_listed,no_match,,,,,,False,not_applicable,False,False,,,,,,,
161,Maryland Eastern Shore,2026,MEAC,Cleo Hill,2,False,no_change_listed,no_match,,,,,,False,not_applicable,False,False,,,,,,,
162,Massachusetts,2026,MAC,Frank Martin,2,False,no_change_listed,no_match,,,,,,False,not_applicable,False,False,,,,,,,
163,McNeese,2026,Slnd,Bill Armstrong,1,False,no_change_listed,no_match,,,,,,False,not_applicable,False,False,,,,,,,
164,Memphis,2026,Amer,Penny Hardaway,2,False,no_change_listed,no_match,,,,,,False,not_applicable,False,False,,,,,,,
165,Mercer,2026,SC,Ryan Ridder,2,False,no_change_listed,no_match,,,,,,False,not_applicable,False,False,,,,,,,
371,Mercyhurst,2026,NEC,Gary Manchel,2,False,no_change_listed,no_match,,,,,,False,not_applicable,False,False,,,,,,,
359,Merrimack,2026,MAAC,Joe Gallo,2,False,no_change_listed,no_match,,,,,,False,not_applicable,False,False,,,,,,,
166,Miami FL,2026,ACC,Jai Lucas,1,False,no_change_listed,no_match,,,,,,False,not_applicable,False,False,,,,,,,
167,Miami OH,2026,MAC,Travis Steele,2,False,no_change_listed,no_match,,,,,,False,not_applicable,False,False,,,,,,,
168,Michigan,2026,B10,Dusty May,2,False,no_change_listed,no_match,,,,,,False,not_applicable,False,False,,,,,,,
169,Michigan St.,2026,B10,Tom Izzo,2,False,no_change_listed,no_match,,,,,,False,not_applicable,False,False,,,,,,,
170,Middle Tennessee,2026,CUSA,Nicholas McDevitt,2,False,no_change_listed,no_match,,,,,,False,not_applicable,False,False,,,,,,,
171,Milwaukee,2026,Horz,Bart Lundy,2,False,no_change_listed,no_match,,,,,,False,not_applicable,False,False,,,,,,,
172,Minnesota,2026,B10,Niko Medved,1,False,no_change_listed,no_match,,,,,,False,not_applicable,False,False,,,,,,,
173,Mississippi,2026,SEC,Chris Beard,2,False,no_change_listed,no_match,,,,,,False,not_applicable,False,False,,,,,,,
174,Mississippi St.,2026,SEC,Chris Jans,2,False,no_change_listed,no_match,,,,,,False,not_applicable,False,False,,,,,,,
175,Mississippi Valley St.,2026,SWAC,George Ivory,2,True,changed_tbd,canonical_team_name,1.0,Mississippi Valley State,SWAC,George Ivory,TBD,True,exact_normalized,False,False,,,,,4809,https://hoopdirt.com/2026-coaching-changes-tracker/,2026-04-13T23:57:19+00:00
176,Missouri,2026,SEC,Dennis Gates,2,False,no_change_listed,no_match,,,,,,False,not_applicable,False,False,,,,,,,
177,Missouri St.,2026,CUSA,Cuonzo Martin,2,False,no_change_listed,no_match,,,,,,False,not_applicable,False,False,,,,,,,
178,Monmouth,2026,CAA,King Rice,2,False,no_change_listed,no_match,,,,,,False,not_applicable,False,False,,,,,,,
179,Montana,2026,BSky,Travis DeCuire,2,False,no_change_listed,no_match,,,,,,False,not_applicable,False,False,,,,,,,
180,Montana St.,2026,BSky,Matt Logie,2,False,no_change_listed,no_match,,,,,,False,not_applicable,False,False,,,,,,,
181,Morehead St.,2026,OVC,Jonathan Mattox,2,False,no_change_listed,no_match,,,,,,False,not_applicable,False,False,,,,,,,
182,Morgan St.,2026,MEAC,Kevin Broadus,2,False,no_change_listed,no_match,,,,,,False,not_applicable,False,False,,,,,,,
183,Mount St. Mary's,2026,MAAC,Donny Lind,2,False,no_change_listed,no_match,,,,,,False,not_applicable,False,False,,,,,,,
184,Murray St.,2026,MVC,Ryan Miller,1,False,no_change_listed,no_match,,,,,,False,not_applicable,False,False,,,,,,,
200,N.C. State,2026,ACC,Will Wade,1,True,changed_known_new_coach,canonical_team_name,1.0,North Carolina State,ACC,Will Wade,Justin Gainey,True,exact_normalized,True,False,,,,,4793,https://hoopdirt.com/2026-coaching-changes-tracker/,2026-04-13T23:57:19+00:00
195,NJIT,2026,AE,Grant Billmeier,2,False,no_change_listed,no_match,,,,,,False,not_applicable,False,False,,,,,,,
185,Navy,2026,PL,Jon Perry,1,False,no_change_listed,no_match,,,,,,False,not_applicable,False,False,,,,,,,
186,Nebraska,2026,B10,Fred Hoiberg,2,False,no_change_listed,no_match,,,,,,False,not_applicable,False,False,,,,,,,
187,Nebraska Omaha,2026,Sum,Chris Crutchfield,2,False,no_change_listed,no_match,,,,,,False,not_applicable,False,False,,,,,,,
188,Nevada,2026,MWC,Steve Alford,2,False,no_change_listed,no_match,,,,,,False,not_applicable,False,False,,,,,,,
189,New Hampshire,2026,AE,Nathan Davis,2,False,no_change_listed,no_match,,,,,,False,not_applicable,False,False,,,,,,,
373,New Haven,2026,NEC,Ted Hotaling,1,False,no_change_listed,no_match,,,,,,False,not_applicable,False,False,,,,,,,
190,New Mexico,2026,MWC,Eric Olen,1,False,no_change_listed,no_match,,,,,,False,not_applicable,False,False,,,,,,,
191,New Mexico St.,2026,CUSA,Jason Hooten,2,False,no_change_listed,no_match,,,,,,False,not_applicable,False,False,,,,,,,
192,New Orleans,2026,Slnd,Stacy Hollowell,2,False,no_change_listed,no_match,,,,,,False,not_applicable,False,False,,,,,,,
193,Niagara,2026,MAAC,Greg Paulus,2,False,no_change_listed,no_match,,,,,,False,not_applicable,False,False,,,,,,,
194,Nicholls,2026,Slnd,Tevon Saddler,2,False,no_change_listed,no_match,,,,,,False,not_applicable,False,False,,,,,,,
196,Norfolk St.,2026,MEAC,Robert Jones,2,False,no_change_listed,no_match,,,,,,False,not_applicable,False,False,,,,,,,
356,North Alabama,2026,ASun,Tony Pujol,2,False,no_change_listed,no_match,,,,,,False,not_applicable,False,False,,,,,,,
197,North Carolina,2026,ACC,Hubert Davis,2,True,changed_known_new_coach,canonical_team_name,1.0,North Carolina,ACC,Hubert Davis,Michael Malone,True,exact_normalized,True,False,,,,,4789,https://hoopdirt.com/2026-coaching-changes-tracker/,2026-04-13T23:57:19+00:00
198,North Carolina A&T,2026,CAA,Monte Ross,2,False,no_change_listed,no_match,,,,,,False,not_applicable,False,False,,,,,,,
199,North Carolina Central,2026,MEAC,LeVelle Moton,2,False,no_change_listed,no_match,,,,,,False,not_applicable,False,False,,,,,,,
201,North Dakota,2026,Sum,Paul Sather,2,False,no_change_listed,no_match,,,,,,False,not_applicable,False,False,,,,,,,
202,North Dakota St.,2026,Sum,Dave Richman,2,False,no_change_listed,no_match,,,,,,False,not_applicable,False,False,,,,,,,
203,North Florida,2026,ASun,Bobby Kennen,1,False,no_change_listed,no_match,,,,,,False,not_applicable,False,False,,,,,,,
204,North Texas,2026,Amer,Daniyal Robinson,1,False,no_change_listed,no_match,,,,,,False,not_applicable,False,False,,,,,,,
205,Northeastern,2026,CAA,Bill Coen,2,False,no_change_listed,no_match,,,,,,False,not_applicable,False,False,,,,,,,
206,Northern Arizona,2026,BSky,Shane Burcar,2,False,no_change_listed,no_match,,,,,,False,not_applicable,False,False,,,,,,,
207,Northern Colorado,2026,BSky,Steve Smiley,2,False,no_change_listed,no_match,,,,,,False,not_applicable,False,False,,,,,,,
208,Northern Illinois,2026,MAC,Rashon Burno,2,True,changed_known_new_coach,canonical_team_name,1.0,Northern Illinois,MAC,Rashon Burno,Matt Majkrzak,True,exact_normalized,True,False,,,,,4739,https://hoopdirt.com/2026-coaching-changes-tracker/,2026-04-13T23:57:19+00:00
209,Northern Iowa,2026,MVC,Ben Jacobson,2,True,changed_known_new_coach,canonical_team_name,1.0,Northern Iowa,MVC,Ben Jacobson,Kyle Green,True,exact_normalized,True,False,,,,,4802,https://hoopdirt.com/2026-coaching-changes-tracker/,2026-04-13T23:57:19+00:00
210,Northern Kentucky,2026,Horz,Darrin Horn,2,False,no_change_listed,no_match,,,,,,False,not_applicable,False,False,,,,,,,
211,Northwestern,2026,B10,Chris Collins,2,False,no_change_listed,no_match,,,,,,False,not_applicable,False,False,,,,,,,
212,Northwestern St.,2026,Slnd,Rick Cabrera,2,False,no_change_listed,no_match,,,,,,False,not_applicable,False,False,,,,,,,
213,Notre Dame,2026,ACC,Micah Shrewsberry,2,False,no_change_listed,no_match,,,,,,False,not_applicable,False,False,,,,,,,
214,Oakland,2026,Horz,Greg Kampe,2,False,no_change_listed,no_match,,,,,,False,not_applicable,False,False,,,,,,,
215,Ohio,2026,MAC,Jeff Boals,2,False,no_change_listed,no_match,,,,,,False,not_applicable,False,False,,,,,,,
216,Ohio St.,2026,B10,Jake Diebler,2,False,no_change_listed,no_match,,,,,,False,not_applicable,False,False,,,,,,,
217,Oklahoma,2026,SEC,Porter Moser,2,False,no_change_listed,no_match,,,,,,False,not_applicable,False,False,,,,,,,
218,Oklahoma St.,2026,B12,Steve Lutz,2,False,no_change_listed,no_match,,,,,,False,not_applicable,False,False,,,,,,,
219,Old Dominion,2026,SB,Mike K. Jones,2,False,no_change_listed,no_match,,,,,,False,not_applicable,False,False,,,,,,,
220,Oral Roberts,2026,Sum,Kory Barnett,1,False,no_change_listed,no_match,,,,,,False,not_applicable,False,False,,,,,,,
221,Oregon,2026,B10,Dana Altman,2,False,no_change_listed,no_match,,,,,,False,not_applicable,False,False,,,,,,,
222,Oregon St.,2026,WCC,Wayne Tinkle,2,True,changed_known_new_coach,canonical_team_name,1.0,Oregon State,WCC,Wayne Tinkle,Justin Joyner,True,exact_normalized,True,False,,,,,4688,https://hoopdirt.com/2026-coaching-changes-tracker/,2026-04-13T23:57:19+00:00
223,Pacific,2026,WCC,Dave Smart,2,False,no_change_listed,no_match,,,,,,False,not_applicable,False,False,,,,,,,
224,Penn,2026,Ivy,Fran McCaffery,1,False,no_change_listed,no_match,,,,,,False,not_applicable,False,False,,,,,,,
225,Penn St.,2026,B10,Mike Rhoades,2,False,no_change_listed,no_match,,,,,,False,not_applicable,False,False,,,,,,,
226,Pepperdine,2026,WCC,Ed Schilling,2,True,changed_known_new_coach,canonical_team_name,1.0,Pepperdine,WCC,Ed Schilling,Griff Aldrich,True,exact_normalized,True,True,146,Longwood,BSth,2025,4745,https://hoopdirt.com/2026-coaching-changes-tracker/,2026-04-13T23:57:19+00:00
227,Pittsburgh,2026,ACC,Jeff Capel III,2,False,no_change_listed,no_match,,,,,,False,not_applicable,False,False,,,,,,,
228,Portland,2026,WCC,Shantay Legans,2,False,no_change_listed,no_match,,,,,,False,not_applicable,False,False,,,,,,,
229,Portland St.,2026,BSky,Jase Coburn,2,False,no_change_listed,no_match,,,,,,False,not_applicable,False,False,,,,,,,
230,Prairie View A&M,2026,SWAC,Byron Smith,2,False,no_change_listed,no_match,,,,,,False,not_applicable,False,False,,,,,,,
231,Presbyterian,2026,BSth,Quinton Ferrell,2,False,no_change_listed,no_match,,,,,,False,not_applicable,False,False,,,,,,,
232,Princeton,2026,Ivy,Mitch Henderson,2,False,no_change_listed,no_match,,,,,,False,not_applicable,False,False,,,,,,,
233,Providence,2026,BE,Kim English,2,True,changed_known_new_coach,canonical_team_name,1.0,Providence,Big East,Kim English,Brian Hodgson,True,exact_normalized,True,False,,,,,4735,https://hoopdirt.com/2026-coaching-changes-tracker/,2026-04-13T23:57:19+00:00
234,Purdue,2026,B10,Matt Painter,2,False,no_change_listed,no_match,,,,,,False,not_applicable,False,False,,,,,,,
127,Purdue Fort Wayne,2026,Horz,Jon Coffman,2,False,no_change_listed,no_match,,,,,,False,not_applicable,False,False,,,,,,,
367,Queens,2026,ASun,Grant Leonard,2,False,no_change_listed,no_match,,,,,,False,not_applicable,False,False,,,,,,,
235,Quinnipiac,2026,MAAC,Tom Pecora,2,False,no_change_listed,no_match,,,,,,False,not_applicable,False,False,,,,,,,
236,Radford,2026,BSth,Zach Chu,1,False,no_change_listed,no_match,,,,,,False,not_applicable,False,False,,,,,,,
237,Rhode Island,2026,A10,Archie Miller,2,False,no_change_listed,no_match,,,,,,False,not_applicable,False,False,,,,,,,
238,Rice,2026,Amer,Rob Lanier,2,False,no_change_listed,no_match,,,,,,False,not_applicable,False,False,,,,,,,
239,Richmond,2026,A10,Chris Mooney,2,False,no_change_listed,no_match,,,,,,False,not_applicable,False,False,,,,,,,
240,Rider,2026,MAAC,Kevin Baggett,2,False,no_change_listed,no_match,,,,,,False,not_applicable,False,False,,,,,,,
241,Robert Morris,2026,Horz,Andrew Toole,2,False,no_change_listed,no_match,,,,,,False,not_applicable,False,False,,,,,,,
242,Rutgers,2026,B10,Steve Pikiell,2,False,no_change_listed,no_match,,,,,,False,not_applicable,False,False,,,,,,,
260,SIUE,2026,OVC,Brian Barone,2,False,no_change_listed,no_match,,,,,,False,not_applicable,False,False,,,,,,,
261,SMU,2026,ACC,Andy Enfield,2,False,no_change_listed,no_match,,,,,,False,not_applicable,False,False,,,,,,,
243,Sacramento St.,2026,BSky,Mike Bibby,1,False,no_change_listed,no_match,,,,,,False,not_applicable,False,False,,,,,,,
244,Sacred Heart,2026,MAAC,Anthony Latina,2,False,no_change_listed,no_match,,,,,,False,not_applicable,False,False,,,,,,,
276,Saint Francis,2026,NEC,Luke McConnell,1,False,no_change_listed,no_match,,,,,,False,not_applicable,False,False,,,,,,,
245,Saint Joseph's,2026,A10,Steve Donahue,1,False,no_change_listed,no_match,,,,,,False,not_applicable,False,False,,,,,,,
246,Saint Louis,2026,A10,Josh Schertz,2,False,no_change_listed,no_match,,,,,,False,not_applicable,False,False,,,,,,,
247,Saint Mary's,2026,WCC,Randy Bennett,2,True,changed_known_new_coach,canonical_team_name,1.0,St Mary's,WCC,Randy Bennett,Mickey McConnell,True,exact_normalized,True,False,,,,,4786,https://hoopdirt.com/2026-coaching-changes-tracker/,2026-04-13T23:57:19+00:00
248,Saint Peter's,2026,MAAC,Bashir Mason,2,False,no_change_listed,no_match,,,,,,False,not_applicable,False,False,,,,,,,
249,Sam Houston St.,2026,CUSA,Chris Mudge,2,False,no_change_listed,no_match,,,,,,False,not_applicable,False,False,,,,,,,
250,Samford,2026,SC,Lennie Acuff,1,False,no_change_listed,no_match,,,,,,False,not_applicable,False,False,,,,,,,
251,San Diego,2026,WCC,Steve Lavin,2,True,changed_known_new_coach,canonical_team_name,1.0,San Diego,WCC,Steve Lavin,JR Blount,True,exact_normalized,True,False,,,,,4692,https://hoopdirt.com/2026-coaching-changes-tracker/,2026-04-13T23:57:19+00:00
252,San Diego St.,2026,MWC,Brian Dutcher,2,False,no_change_listed,no_match,,,,,,False,not_applicable,False,False,,,,,,,
253,San Francisco,2026,WCC,Chris Gerlufsen,2,False,no_change_listed,no_match,,,,,,False,not_applicable,False,False,,,,,,,
254,San Jose St.,2026,MWC,Tim Miles,2,False,no_change_listed,no_match,,,,,,False,not_applicable,False,False,,,,,,,
255,Santa Clara,2026,WCC,Herb Sendek,2,False,no_change_listed,no_match,,,,,,False,not_applicable,False,False,,,,,,,
257,Seattle,2026,WCC,Chris Victor,2,False,no_change_listed,no_match,,,,,,False,not_applicable,False,False,,,,,,,
258,Seton Hall,2026,BE,Shaheen Holloway,2,False,no_change_listed,no_match,,,,,,False,not_applicable,False,False,,,,,,,
259,Siena,2026,MAAC,Gerry McNamara,2,True,changed_known_new_coach,canonical_team_name,1.0,Siena,MAAC,Gerry McNamara,Nevada Smith,True,exact_normalized,True,False,,,,,4781,https://hoopdirt.com/2026-coaching-changes-tracker/,2026-04-13T23:57:19+00:00
262,South Alabama,2026,SB,Richie Riley,2,False,no_change_listed,no_match,,,,,,False,not_applicable,False,False,,,,,,,
263,South Carolina,2026,SEC,Lamont Paris,2,False,no_change_listed,no_match,,,,,,False,not_applicable,False,False,,,,,,,
264,South Carolina St.,2026,MEAC,Erik Martin,2,False,no_change_listed,no_match,,,,,,False,not_applicable,False,False,,,,,,,
265,South Dakota,2026,Sum,Eric Peterson,2,False,no_change_listed,no_match,,,,,,False,not_applicable,False,False,,,,,,,
266,South Dakota St.,2026,Sum,Bryan Petersen,1,False,no_change_listed,no_match,,,,,,False,not_applicable,False,False,,,,,,,
267,South Florida,2026,Amer,Bryan Hodgson,1,True,changed_known_new_coach,canonical_team_name,1.0,South Florida,American,Brian Hodgson,Chris Mack,True,fuzzy,True,True,55,Charleston,CAA,2026,4779,https://hoopdirt.com/2026-coaching-changes-tracker/,2026-04-13T23:57:19+00:00
268,Southeast Missouri,2026,OVC,Brad Korn,2,False,no_change_listed,no_match,,,,,,False,not_applicable,False,False,,,,,,,
269,Southeastern Louisiana,2026,Slnd,David Kiefer,2,False,no_change_listed,no_match,,,,,,False,not_applicable,False,False,,,,,,,
270,Southern,2026,SWAC,Kevin Johnson,2,False,no_change_listed,no_match,,,,,,False,not_applicable,False,False,,,,,,,
271,Southern Illinois,2026,MVC,Scott Nagy,2,False,no_change_listed,no_match,,,,,,False,not_applicable,False,False,,,,,,,
365,Southern Indiana,2026,OVC,Stan Gouard,2,False,no_change_listed,no_match,,,,,,False,not_applicable,False,False,,,,,,,
272,Southern Miss,2026,SB,Jay Ladner,2,False,no_change_listed,no_match,,,,,,False,not_applicable,False,False,,,,,,,
273,Southern Utah,2026,WAC,Rob Jeter,2,False,no_change_listed,no_match,,,,,,False,not_applicable,False,False,,,,,,,
274,St. Bonaventure,2026,A10,Mark Schmidt,2,True,changed_known_new_coach,canonical_team_name,1.0,St. Bonaventure,A-10,Mark Schmidt,Mike MacDonald,True,exact_normalized,True,False,,,,,4736,https://hoopdirt.com/2026-coaching-changes-tracker/,2026-04-13T23:57:19+00:00
277,St. John's,2026,BE,Rick Pitino,2,False,no_change_listed,no_match,,,,,,False,not_applicable,False,False,,,,,,,
364,St. Thomas,2026,Sum,Johnny Tauer,2,False,no_change_listed,no_match,,,,,,False,not_applicable,False,False,,,,,,,
278,Stanford,2026,ACC,Kyle Smith,2,False,no_change_listed,no_match,,,,,,False,not_applicable,False,False,,,,,,,
279,Stephen F. Austin,2026,Slnd,Matt Braeuer,1,False,no_change_listed,no_match,,,,,,False,not_applicable,False,False,,,,,,,
280,Stetson,2026,ASun,Donnie Jones,2,False,no_change_listed,no_match,,,,,,False,not_applicable,False,False,,,,,,,
366,Stonehill,2026,NEC,Chris Kraus,2,False,no_change_listed,no_match,,,,,,False,not_applicable,False,False,,,,,,,
281,Stony Brook,2026,CAA,Geno Ford,2,False,no_change_listed,no_match,,,,,,False,not_applicable,False,False,,,,,,,
282,Syracuse,2026,ACC,Adrian Autry,2,True,changed_known_new_coach,canonical_team_name,1.0,Syracuse,ACC,Adrian Autry,Gerry McNamara,True,exact_normalized,True,True,259,Siena,MAAC,2026,4755,https://hoopdirt.com/2026-coaching-changes-tracker/,2026-04-13T23:57:19+00:00
283,TCU,2026,B12,Jamie Dixon,2,False,no_change_listed,no_match,,,,,,False,not_applicable,False,False,,,,,,,
362,Tarleton St.,2026,WAC,Billy Gillispie,2,True,changed_known_new_coach,canonical_team_name,1.0,Tarleton State,WAC,Billy Gillispie,Eric Haut,True,exact_normalized,True,False,,,,,4687,https://hoopdirt.com/2026-coaching-changes-tracker/,2026-04-13T23:57:19+00:00
284,Temple,2026,Amer,Adam Fisher,2,False,no_change_listed,no_match,,,,,,False,not_applicable,False,False,,,,,,,
285,Tennessee,2026,SEC,Rick Barnes,2,False,no_change_listed,no_match,,,,,,False,not_applicable,False,False,,,,,,,
286,Tennessee Martin,2026,OVC,Jeremy Shulman,2,False,no_change_listed,no_match,,,,,,False,not_applicable,False,False,,,,,,,
287,Tennessee St.,2026,OVC,Nolan Smith,1,False,no_change_listed,no_match,,,,,,False,not_applicable,False,False,,,,,,,
288,Tennessee Tech,2026,OVC,John Pelphrey,2,True,changed_known_new_coach,canonical_team_name,1.0,Tennessee Tech,OVC,John Pelphrey,Tobin Anderson,True,exact_normalized,True,True,124,Iona,MAAC,2025,4714,https://hoopdirt.com/2026-coaching-changes-tracker/,2026-04-13T23:57:19+00:00
289,Texas,2026,SEC,Sean Miller,1,False,no_change_listed,no_match,,,,,,False,not_applicable,False,False,,,,,,,
290,Texas A&M,2026,SEC,Bucky McMillan,1,False,no_change_listed,no_match,,,,,,False,not_applicable,False,False,,,,,,,
291,Texas A&M Corpus Chris,2026,Slnd,Jim Shaw,2,False,no_change_listed,no_match,,,,,,False,not_applicable,False,False,,,,,,,
292,Texas Southern,2026,SWAC,Johnny Jones,2,True,changed_tbd,canonical_team_name,1.0,Texas Southern,SWAC,Johnny Jones,TBD,True,exact_normalized,False,False,,,,,4830,https://hoopdirt.com/2026-coaching-changes-tracker/,2026-04-13T23:57:19+00:00
293,Texas St.,2026,SB,Terrence Johnson,2,False,no_change_listed,no_match,,,,,,False,not_applicable,False,False,,,,,,,
294,Texas Tech,2026,B12,Grant McCasland,2,False,no_change_listed,no_match,,,,,,False,not_applicable,False,False,,,,,,,
295,The Citadel,2026,SC,Ed Conroy,2,False,no_change_listed,no_match,,,,,,False,not_applicable,False,False,,,,,,,
296,Toledo,2026,MAC,Tod Kowalczyk,2,False,no_change_listed,no_match,,,,,,False,not_applicable,False,False,,,,,,,
297,Towson,2026,CAA,Pat Skerry,2,False,no_change_listed,no_match,,,,,,False,not_applicable,False,False,,,,,,,
298,Troy,2026,SB,Scott Cross,2,True,changed_known_new_coach,canonical_team_name,1.0,Troy,Sun Belt,Scott Cross,Adam Howard,True,exact_normalized,True,False,,,,,4775,https://hoopdirt.com/2026-coaching-changes-tracker/,2026-04-13T23:57:19+00:00
299,Tulane,2026,Amer,Ron Hunter,2,False,no_change_listed,no_match,,,,,,False,not_applicable,False,False,,,,,,,
300,Tulsa,2026,Amer,Eric Konkol,2,False,no_change_listed,no_match,,,,,,False,not_applicable,False,False,,,,,,,
301,UAB,2026,Amer,Andy Kennedy,2,False,no_change_listed,no_match,,,,,,False,not_applicable,False,False,,,,,,,
302,UC Davis,2026,BW,Jim Les,2,False,no_change_listed,no_match,,,,,,False,not_applicable,False,False,,,,,,,
303,UC Irvine,2026,BW,Russell Turner,2,False,no_change_listed,no_match,,,,,,False,not_applicable,False,False,,,,,,,
304,UC Riverside,2026,BW,Gus Argenal,1,False,no_change_listed,no_match,,,,,,False,not_applicable,False,False,,,,,,,
363,UC San Diego,2026,BW,Clint Allard,1,False,no_change_listed,no_match,,,,,,False,not_applicable,False,False,,,,,,,
305,UC Santa Barbara,2026,BW,Joe Pasternack,2,False,no_change_listed,no_match,,,,,,False,not_applicable,False,False,,,,,,,
306,UCF,2026,B12,Johnny Dawkins,2,False,no_change_listed,no_match,,,,,,False,not_applicable,False,False,,,,,,,
307,UCLA,2026,B10,Mick Cronin,2,False,no_change_listed,no_match,,,,,,False,not_applicable,False,False,,,,,,,
309,UMBC,2026,AE,Jim Ferry,2,False,no_change_listed,no_match,,,,,,False,not_applicable,False,False,,,,,,,
308,UMass Lowell,2026,AE,Pat Duquette,2,False,no_change_listed,no_match,,,,,,False,not_applicable,False,False,,,,,,,
311,UNC Asheville,2026,BSth,Mike Morrell,2,False,no_change_listed,no_match,,,,,,False,not_applicable,False,False,,,,,,,
312,UNC Greensboro,2026,SC,Mike R. Jones,2,True,changed_known_new_coach,canonical_team_name,1.0,UNC Greensboro,SoCon,Mike Jones,Jerod Haase,True,first_last,True,False,,,,,4758,https://hoopdirt.com/2026-coaching-changes-tracker/,2026-04-13T23:57:19+00:00
313,UNC Wilmington,2026,CAA,Takayo Siddle,2,False,no_change_listed,no_match,,,,,,False,not_applicable,False,False,,,,,,,
314,UNLV,2026,MWC,Josh Pastner,1,False,no_change_listed,no_match,,,,,,False,not_applicable,False,False,,,,,,,
315,USC,2026,B10,Eric Musselman,2,False,no_change_listed,no_match,,,,,,False,not_applicable,False,False,,,,,,,
316,USC Upstate,2026,BSth,Marty Richter,2,False,no_change_listed,no_match,,,,,,False,not_applicable,False,False,,,,,,,
317,UT Arlington,2026,WAC,K.T. Turner,2,False,no_change_listed,no_match,,,,,,False,not_applicable,False,False,,,,,,,
318,UT Rio Grande Valley,2026,Slnd,Kahil Fennell,2,True,changed_known_new_coach,canonical_team_name,1.0,UTRGV,Southland,Kahil Fennell,Brandon Chambers,True,exact_normalized,True,False,,,,,4778,https://hoopdirt.com/2026-coaching-changes-tracker/,2026-04-13T23:57:19+00:00
322,UTEP,2026,CUSA,Joe Golding,2,False,no_change_listed,no_match,,,,,,False,not_applicable,False,False,,,,,,,
323,UTSA,2026,Amer,Austin Claunch,2,False,no_change_listed,no_match,,,,,,False,not_applicable,False,False,,,,,,,
319,Utah,2026,B12,Alex Jensen,1,False,no_change_listed,no_match,,,,,,False,not_applicable,False,False,,,,,,,
320,Utah St.,2026,MWC,Jerrod Calhoun,2,True,changed_known_new_coach,canonical_team_name,1.0,Utah State,Mountain Westq,Jerrod Calhoun,Ben Jacobson,True,exact_normalized,True,True,209,Northern Iowa,MVC,2026,4787,https://hoopdirt.com/2026-coaching-changes-tracker/,2026-04-13T23:57:19+00:00
361,Utah Tech,2026,WAC,Jon Judkins,2,False,no_change_listed,no_match,,,,,,False,not_applicable,False,False,,,,,,,
321,Utah Valley,2026,WAC,Todd Phillips,2,False,no_change_listed,no_match,,,,,,False,not_applicable,False,False,,,,,,,
326,VCU,2026,A10,Phil Martelli Jr.,1,False,no_change_listed,no_match,,,,,,False,not_applicable,False,False,,,,,,,
331,VMI,2026,SC,Andrew Wilson,2,False,no_change_listed,no_match,,,,,,False,not_applicable,False,False,,,,,,,
324,Valparaiso,2026,MVC,Roger Powell,2,False,no_change_listed,no_match,,,,,,False,not_applicable,False,False,,,,,,,
325,Vanderbilt,2026,SEC,Mark Byington,2,False,no_change_listed,no_match,,,,,,False,not_applicable,False,False,,,,,,,
327,Vermont,2026,AE,John Becker,2,False,no_change_listed,no_match,,,,,,False,not_applicable,False,False,,,,,,,
328,Villanova,2026,BE,Kevin Willard,1,False,no_change_listed,no_match,,,,,,False,not_applicable,False,False,,,,,,,
329,Virginia,2026,ACC,Ryan Odom,1,False,no_change_listed,no_match,,,,,,False,not_applicable,False,False,,,,,,,
330,Virginia Tech,2026,ACC,Mike Young,2,False,no_change_listed,no_match,,,,,,False,not_applicable,False,False,,,,,,,
332,Wagner,2026,NEC,Dwan McMillan,1,False,no_change_listed,no_match,,,,,,False,not_applicable,False,False,,,,,,,
333,Wake Forest,2026,ACC,Steve Forbes,2,False,no_change_listed,no_match,,,,,,False,not_applicable,False,False,,,,,,,
334,Washington,2026,B10,Danny Sprinkle,2,False,no_change_listed,no_match,,,,,,False,not_applicable,False,False,,,,,,,
335,Washington St.,2026,WCC,David Riley,2,False,no_change_listed,no_match,,,,,,False,not_applicable,False,False,,,,,,,
336,Weber St.,2026,BSky,Eric Duft,2,True,changed_known_new_coach,canonical_team_name,1.0,Weber State,Big Sky,Eric Duft,Kaleb Canales,True,exact_normalized,True,False,,,,,4760,https://hoopdirt.com/2026-coaching-changes-tracker/,2026-04-13T23:57:19+00:00
372,West Georgia,2026,ASun,Dave Moore,2,False,no_change_listed,no_match,,,,,,False,not_applicable,False,False,,,,,,,
337,West Virginia,2026,B12,Ross Hodge,1,False,no_change_listed,no_match,,,,,,False,not_applicable,False,False,,,,,,,
338,Western Carolina,2026,SC,Tim Craft,2,False,no_change_listed,no_match,,,,,,False,not_applicable,False,False,,,,,,,
339,Western Illinois,2026,OVC,Chad Boudreau,2,False,no_change_listed,no_match,,,,,,False,not_applicable,False,False,,,,,,,
340,Western Kentucky,2026,CUSA,Hank Plona,2,False,no_change_listed,no_match,,,,,,False,not_applicable,False,False,,,,,,,
341,Western Michigan,2026,MAC,Dwayne Stephens,2,True,changed_known_new_coach,canonical_team_name,1.0,Western Michigan,MAC,Dwayne Stephens,Kahil Fennell,True,exact_normalized,True,True,318,UT Rio Grande Valley,Slnd,2026,4740,https://hoopdirt.com/2026-coaching-changes-tracker/,2026-04-13T23:57:19+00:00
342,Wichita St.,2026,Amer,Paul Mills,2,False,no_change_listed,no_match,,,,,,False,not_applicable,False,False,,,,,,,
343,William & Mary,2026,CAA,Brian Earl,2,False,no_change_listed,no_match,,,,,,False,not_applicable,False,False,,,,,,,
344,Winthrop,2026,BSth,Mark Prosser,2,False,no_change_listed,no_match,,,,,,False,not_applicable,False,False,,,,,,,
345,Wisconsin,2026,B10,Greg Gard,2,False,no_change_listed,no_match,,,,,,False,not_applicable,False,False,,,,,,,
346,Wofford,2026,SC,Kevin Giltner,1,False,no_change_listed,no_match,,,,,,False,not_applicable,False,False,,,,,,,
347,Wright St.,2026,Horz,Clint Sargent,2,False,no_change_listed,no_match,,,,,,False,not_applicable,False,False,,,,,,,
348,Wyoming,2026,MWC,Sundance Wicks,2,False,no_change_listed,no_match,,,,,,False,not_applicable,False,False,,,,,,,
349,Xavier,2026,BE,Richard Pitino,1,False,no_change_listed,no_match,,,,,,False,not_applicable,False,False,,,,,,,
350,Yale,2026,Ivy,James Jones,2,False,no_change_listed,no_match,,,,,,False,not_applicable,False,False,,,,,,,
351,Youngstown St.,2026,Horz,Ethan Faulkner,2,False,no_change_listed,no_match,,,,,,False,not_applicable,False,False,,,,,,,
