source,source_url,captured_at,ranking_year,ranking_key,ranking_date_updated,ranking_date_scheduled,ranking_status,ranking_staleness,organization_key,team,team_full_name,team_slug,team_abbreviation,rank,index_score,raw_score,date,date_modified,transfers_in,transfers_in_avg_rating,raw_score_in,transfers_out,transfers_out_avg_rating,raw_score_out,five_stars_net,five_stars_in,five_stars_out,four_stars_net,four_stars_in,four_stars_out,three_stars_net,three_stars_in,three_stars_out,original_nil_valuation,adjusted_nil_valuation,nil_valuation_change
on3_transfer_portal,https://www.on3.com/transfer-portal/team-rankings/basketball/2026/,2026-05-03T12:05:49+00:00,2026,645,2026-05-03T02:01:25+00:00,2026-05-04T02:00:00+00:00,Draft,"On300, Consensus",6016,Xavier,Xavier Musketeers,xavier-musketeers,Xavier,1,43,469.697,2026-05-03,2026-05-03T01:58:04+00:00,6,92.167,479.229,6,61.5,9.532,0,0,0,6,6,0,-2,0,2,0,1808964,1808964
on3_transfer_portal,https://www.on3.com/transfer-portal/team-rankings/basketball/2026/,2026-05-03T12:05:49+00:00,2026,645,2026-05-03T02:01:25+00:00,2026-05-04T02:00:00+00:00,Draft,"On300, Consensus",19484,Florida State,Florida State Seminoles,florida-state-seminoles,FSU,2,36,397.931,2026-05-03,2026-05-03T01:59:50+00:00,5,92.4,402.372,8,61,4.44,0,0,0,5,5,0,-2,0,2,0,1345952,1345952
on3_transfer_portal,https://www.on3.com/transfer-portal/team-rankings/basketball/2026/,2026-05-03T12:05:49+00:00,2026,645,2026-05-03T02:01:25+00:00,2026-05-04T02:00:00+00:00,Draft,"On300, Consensus",8776,Indiana,Indiana Hoosiers,indiana-hoosiers,IND,3,35,383.088,2026-05-03,2026-05-03T01:58:30+00:00,6,93.5,476.039,7,69.571,92.951,0,0,0,4,6,2,0,0,0,0,4613585,4613585
on3_transfer_portal,https://www.on3.com/transfer-portal/team-rankings/basketball/2026/,2026-05-03T12:05:49+00:00,2026,645,2026-05-03T02:01:25+00:00,2026-05-04T02:00:00+00:00,Draft,"On300, Consensus",21058,Vanderbilt,Vanderbilt Commodores,vanderbilt-commodores,VAN,4,29,321.048,2026-05-03,2026-05-03T02:00:14+00:00,5,92.8,385.973,8,69.625,64.925,0,0,0,4,5,1,-1,0,1,0,1532812,1532812
on3_transfer_portal,https://www.on3.com/transfer-portal/team-rankings/basketball/2026/,2026-05-03T12:05:49+00:00,2026,645,2026-05-03T02:01:25+00:00,2026-05-04T02:00:00+00:00,Draft,"On300, Consensus",23628,Texas,Texas Longhorns,texas-longhorns,TEX,5,28,304.122,2026-05-03,2026-05-03T02:00:31+00:00,5,94.2,403.085,6,72.5,98.963,0,0,0,2,5,3,0,0,0,0,4003763,4003763
on3_transfer_portal,https://www.on3.com/transfer-portal/team-rankings/basketball/2026/,2026-05-03T12:05:49+00:00,2026,645,2026-05-03T02:01:25+00:00,2026-05-04T02:00:00+00:00,Draft,"On300, Consensus",24078,UCLA,UCLA Bruins,ucla-bruins,UCLA,6,27,298.327,2026-05-03,2026-05-03T02:00:38+00:00,4,92,303.03,2,66,4.704,0,0,0,4,4,0,0,0,0,0,1412296,1412296
on3_transfer_portal,https://www.on3.com/transfer-portal/team-rankings/basketball/2026/,2026-05-03T12:05:49+00:00,2026,645,2026-05-03T02:01:25+00:00,2026-05-04T02:00:00+00:00,Draft,"On300, Consensus",16266,South Carolina,South Carolina Gamecocks,south-carolina-gamecocks,SC,7,27,296.235,2026-05-03,2026-05-03T01:59:31+00:00,6,83.167,320.743,8,64.875,24.508,0,0,0,4,5,1,0,1,1,0,652701,652701
on3_transfer_portal,https://www.on3.com/transfer-portal/team-rankings/basketball/2026/,2026-05-03T12:05:49+00:00,2026,645,2026-05-03T02:01:25+00:00,2026-05-04T02:00:00+00:00,Draft,"On300, Consensus",12005,Louisville,Louisville Cardinals,louisville-cardinals,LOU,8,26,287.986,2026-05-03,2026-05-03T01:58:54+00:00,6,88.833,400.172,6,71.833,112.186,1,1,0,3,5,2,-1,0,1,0,3757584,3757584
on3_transfer_portal,https://www.on3.com/transfer-portal/team-rankings/basketball/2026/,2026-05-03T12:05:49+00:00,2026,645,2026-05-03T02:01:25+00:00,2026-05-04T02:00:00+00:00,Draft,"On300, Consensus",16527,NC State,NC State Wolfpack,nc-state-wolfpack,NCST,9,25,270.209,2026-05-03,2026-05-03T01:59:36+00:00,6,87.5,372.545,13,68.769,102.336,0,0,0,3,5,2,0,1,1,0,-2028347,-2028347
on3_transfer_portal,https://www.on3.com/transfer-portal/team-rankings/basketball/2026/,2026-05-03T12:05:49+00:00,2026,645,2026-05-03T02:01:25+00:00,2026-05-04T02:00:00+00:00,Draft,"On300, Consensus",10179,Oklahoma State,Oklahoma State Cowboys,oklahoma-state-cowboys,OKST,10,23,256.329,2026-05-03,2026-05-03T01:58:47+00:00,5,92.6,386.019,5,74.6,129.69,0,0,0,3,5,2,-1,0,1,0,1227838,1227838
on3_transfer_portal,https://www.on3.com/transfer-portal/team-rankings/basketball/2026/,2026-05-03T12:05:49+00:00,2026,645,2026-05-03T02:01:25+00:00,2026-05-04T02:00:00+00:00,Draft,"On300, Consensus",16253,Mississippi State,Mississippi State Bulldogs,mississippi-state-bulldogs,MSST,11,23,252.839,2026-05-03,2026-05-03T01:59:29+00:00,4,91.5,289.044,8,68.875,36.205,0,0,0,3,4,1,-2,0,2,0,-52077,-52077
on3_transfer_portal,https://www.on3.com/transfer-portal/team-rankings/basketball/2026/,2026-05-03T12:05:49+00:00,2026,645,2026-05-03T02:01:25+00:00,2026-05-04T02:00:00+00:00,Draft,"On300, Consensus",7493,Houston,Houston Cougars,houston-cougars,HOU,12,23,252.162,2026-05-03,2026-05-03T01:58:14+00:00,4,93.75,293.617,3,74.667,41.455,0,0,0,3,4,1,0,0,0,0,891574,891574
on3_transfer_portal,https://www.on3.com/transfer-portal/team-rankings/basketball/2026/,2026-05-03T12:05:49+00:00,2026,645,2026-05-03T02:01:25+00:00,2026-05-04T02:00:00+00:00,Draft,"On300, Consensus",16674,Nebraska,Nebraska Cornhuskers,nebraska-cornhuskers,NEB,13,23,249.889,2026-05-03,2026-05-03T01:59:38+00:00,6,82.5,293.807,5,67.8,43.918,0,0,0,3,4,1,2,2,0,0,-11878,-11878
on3_transfer_portal,https://www.on3.com/transfer-portal/team-rankings/basketball/2026/,2026-05-03T12:05:49+00:00,2026,645,2026-05-03T02:01:25+00:00,2026-05-04T02:00:00+00:00,Draft,"On300, Consensus",23590,Texas A&M,Texas A&M Aggies,texas-am-aggies,TAMU,14,22,243.862,2026-05-03,2026-05-03T02:00:29+00:00,6,87.167,359.864,5,74.6,116.003,0,0,0,3,5,2,1,1,0,0,2544566,2544566
on3_transfer_portal,https://www.on3.com/transfer-portal/team-rankings/basketball/2026/,2026-05-03T12:05:49+00:00,2026,645,2026-05-03T02:01:25+00:00,2026-05-04T02:00:00+00:00,Draft,"On300, Consensus",15347,Syracuse,Syracuse Orange,syracuse-orange,SYR,15,22,242.333,2026-05-03,2026-05-03T01:59:17+00:00,6,86.333,352.336,7,71.143,110.003,0,0,0,3,5,2,0,0,0,1599869,489929,-1109940
on3_transfer_portal,https://www.on3.com/transfer-portal/team-rankings/basketball/2026/,2026-05-03T12:05:49+00:00,2026,645,2026-05-03T02:01:25+00:00,2026-05-04T02:00:00+00:00,Draft,"On300, Consensus",20559,USC,USC Trojans,usc-trojans,USC,16,21,235.925,2026-05-03,2026-05-03T02:00:10+00:00,3,93.333,234.272,6,65,-1.652,0,0,0,1,3,2,-1,0,1,0,2192116,2192116
on3_transfer_portal,https://www.on3.com/transfer-portal/team-rankings/basketball/2026/,2026-05-03T12:05:49+00:00,2026,645,2026-05-03T02:01:25+00:00,2026-05-04T02:00:00+00:00,Draft,"On300, Consensus",2122,Baylor,Baylor Bears,baylor-bears,BAY,17,21,233.183,2026-05-03,2026-05-03T01:57:53+00:00,4,93.25,316.229,3,75.333,83.046,0,0,0,3,4,1,0,0,0,0,-464301,-464301
on3_transfer_portal,https://www.on3.com/transfer-portal/team-rankings/basketball/2026/,2026-05-03T12:05:49+00:00,2026,645,2026-05-03T02:01:25+00:00,2026-05-04T02:00:00+00:00,Draft,"On300, Consensus",16357,SMU,SMU Mustangs,smu-mustangs,SMU,18,21,230.102,2026-05-03,2026-05-03T01:59:34+00:00,5,86,272.681,5,71.8,42.578,0,0,0,3,4,1,0,0,0,0,-507963,-507963
on3_transfer_portal,https://www.on3.com/transfer-portal/team-rankings/basketball/2026/,2026-05-03T12:05:49+00:00,2026,645,2026-05-03T02:01:25+00:00,2026-05-04T02:00:00+00:00,Draft,"On300, Consensus",10273,Oregon,Oregon Ducks,oregon-ducks,ORE,19,21,229.563,2026-05-03,2026-05-03T01:58:49+00:00,8,85,406.349,8,74.75,176.786,0,0,0,3,6,3,0,0,0,1502062,-60415,-1562477
on3_transfer_portal,https://www.on3.com/transfer-portal/team-rankings/basketball/2026/,2026-05-03T12:05:49+00:00,2026,645,2026-05-03T02:01:25+00:00,2026-05-04T02:00:00+00:00,Draft,"On300, Consensus",15977,Miami,Miami Hurricanes,miami-hurricanes,MIA,20,21,228.424,2026-05-03,2026-05-03T01:59:27+00:00,5,87.2,295.982,8,70.75,67.558,0,0,0,2,4,2,-1,0,1,0,2073841,2073841
on3_transfer_portal,https://www.on3.com/transfer-portal/team-rankings/basketball/2026/,2026-05-03T12:05:49+00:00,2026,645,2026-05-03T02:01:25+00:00,2026-05-04T02:00:00+00:00,Draft,"On300, Consensus",13214,DePaul,DePaul Blue Demons,depaul-blue-demons,DePaul,21,21,228.392,2026-05-03,2026-05-03T01:59:03+00:00,6,76.167,224.441,6,61.833,-3.951,0,0,0,3,3,0,1,1,0,0,1073159,1073159
on3_transfer_portal,https://www.on3.com/transfer-portal/team-rankings/basketball/2026/,2026-05-03T12:05:49+00:00,2026,645,2026-05-03T02:01:25+00:00,2026-05-04T02:00:00+00:00,Draft,"On300, Consensus",14710,Maryland,Maryland Terrapins,maryland-terrapins,MD,22,20,215.546,2026-05-03,2026-05-03T01:59:11+00:00,6,81.833,292.888,6,69.333,77.342,0,0,0,3,4,1,1,1,0,0,230376,230376
on3_transfer_portal,https://www.on3.com/transfer-portal/team-rankings/basketball/2026/,2026-05-03T12:05:49+00:00,2026,645,2026-05-03T02:01:25+00:00,2026-05-04T02:00:00+00:00,Draft,"On300, Consensus",24966,Connecticut,Connecticut Huskies,connecticut-huskies,CONN,23,19,212.641,2026-05-03,2026-05-03T02:00:47+00:00,4,93.75,301.575,5,74,88.934,0,0,0,2,4,2,0,0,0,0,-1131808,-1131808
on3_transfer_portal,https://www.on3.com/transfer-portal/team-rankings/basketball/2026/,2026-05-03T12:05:49+00:00,2026,645,2026-05-03T02:01:25+00:00,2026-05-04T02:00:00+00:00,Draft,"On300, Consensus",19663,Villanova,Villanova Wildcats,villanova-wildcats,NOVA,24,18,201.765,2026-05-03,2026-05-03T01:59:57+00:00,4,92.75,308.049,8,70.375,106.284,0,0,0,2,4,2,0,0,0,0,1521843,1521843
on3_transfer_portal,https://www.on3.com/transfer-portal/team-rankings/basketball/2026/,2026-05-03T12:05:49+00:00,2026,645,2026-05-03T02:01:25+00:00,2026-05-04T02:00:00+00:00,Draft,"On300, Consensus",6900,West Virginia,West Virginia Mountaineers,west-virginia-mountaineers,WVU,25,16,180.191,2026-05-03,2026-05-03T01:58:07+00:00,5,80.4,238.94,7,65.714,58.749,0,0,0,2,3,1,1,1,0,0,1493148,1493148
on3_transfer_portal,https://www.on3.com/transfer-portal/team-rankings/basketball/2026/,2026-05-03T12:05:49+00:00,2026,645,2026-05-03T02:01:25+00:00,2026-05-04T02:00:00+00:00,Draft,"On300, Consensus",10166,Oklahoma,Oklahoma Sooners,oklahoma-sooners,OKLA,26,16,174.764,2026-05-03,2026-05-03T01:58:45+00:00,3,91.667,224.769,4,68.75,50.004,0,0,0,2,3,1,0,0,0,0,-152183,-152183
on3_transfer_portal,https://www.on3.com/transfer-portal/team-rankings/basketball/2026/,2026-05-03T12:05:49+00:00,2026,645,2026-05-03T02:01:25+00:00,2026-05-04T02:00:00+00:00,Draft,"On300, Consensus",20676,California,California Golden Bears,california-golden-bears,CAL,27,16,174.039,2026-05-03,2026-05-03T02:00:12+00:00,5,87.8,315.152,4,77.5,141.113,0,0,0,2,4,2,0,0,0,0,-276700,-276700
on3_transfer_portal,https://www.on3.com/transfer-portal/team-rankings/basketball/2026/,2026-05-03T12:05:49+00:00,2026,645,2026-05-03T02:01:25+00:00,2026-05-04T02:00:00+00:00,Draft,"On300, Consensus",21364,BYU,BYU Cougars,byu-cougars,BYU,28,15,170.167,2026-05-03,2026-05-03T02:00:21+00:00,3,82.333,146.645,9,63.667,-23.522,0,0,0,1,2,1,0,1,1,4206384,4219686,13302
on3_transfer_portal,https://www.on3.com/transfer-portal/team-rankings/basketball/2026/,2026-05-03T12:05:49+00:00,2026,645,2026-05-03T02:01:25+00:00,2026-05-04T02:00:00+00:00,Draft,"On300, Consensus",23426,Clemson,Clemson Tigers,clemson-tigers,CLEM,29,15,168.902,2026-05-03,2026-05-03T02:00:24+00:00,3,92.667,234.165,3,71.667,65.263,0,0,0,2,3,1,-1,0,1,0,129315,129315
on3_transfer_portal,https://www.on3.com/transfer-portal/team-rankings/basketball/2026/,2026-05-03T12:05:49+00:00,2026,645,2026-05-03T02:01:25+00:00,2026-05-04T02:00:00+00:00,Draft,"On300, Consensus",13173,Creighton,Creighton Bluejays,creighton-bluejays,Creighton,30,15,165.279,2026-05-03,2026-05-03T01:59:01+00:00,4,88.25,254.264,8,68.75,88.984,0,0,0,2,4,2,0,0,0,0,2097056,2097056
on3_transfer_portal,https://www.on3.com/transfer-portal/team-rankings/basketball/2026/,2026-05-03T12:05:49+00:00,2026,645,2026-05-03T02:01:25+00:00,2026-05-04T02:00:00+00:00,Draft,"On300, Consensus",15505,Minnesota,Minnesota Golden Gophers,minnesota-golden-gophers,MINN,31,15,164.579,2026-05-03,2026-05-03T01:59:24+00:00,4,83.25,218.158,6,65.833,53.579,0,0,0,2,3,1,0,1,1,0,-109856,-109856
on3_transfer_portal,https://www.on3.com/transfer-portal/team-rankings/basketball/2026/,2026-05-03T12:05:49+00:00,2026,645,2026-05-03T02:01:25+00:00,2026-05-04T02:00:00+00:00,Draft,"On300, Consensus",8288,Iowa State,Iowa State Cyclones,iowa-state-cyclones,ISU,32,15,162.147,2026-05-03,2026-05-03T01:58:26+00:00,5,81.8,207.297,4,69.25,45.15,0,0,0,2,3,1,1,1,0,1988422,1170608,-817814
on3_transfer_portal,https://www.on3.com/transfer-portal/team-rankings/basketball/2026/,2026-05-03T12:05:49+00:00,2026,645,2026-05-03T02:01:25+00:00,2026-05-04T02:00:00+00:00,Draft,"On300, Consensus",20439,Virginia Tech,Virginia Tech Hokies,virginia-tech-hokies,VT,33,15,160.135,2026-05-03,2026-05-03T02:00:05+00:00,3,91.667,227.617,7,67.286,67.481,0,0,0,1,3,2,-3,0,3,0,-1514083,-1514083
on3_transfer_portal,https://www.on3.com/transfer-portal/team-rankings/basketball/2026/,2026-05-03T12:05:49+00:00,2026,645,2026-05-03T02:01:25+00:00,2026-05-04T02:00:00+00:00,Draft,"On300, Consensus",8918,Providence,Providence Friars,providence-friars,PROV,34,14,153.957,2026-05-03,2026-05-03T01:58:33+00:00,7,83.714,357.616,8,75.375,203.659,0,0,0,3,6,3,-2,0,2,0,-324046,-324046
on3_transfer_portal,https://www.on3.com/transfer-portal/team-rankings/basketball/2026/,2026-05-03T12:05:49+00:00,2026,645,2026-05-03T02:01:25+00:00,2026-05-04T02:00:00+00:00,Draft,"On300, Consensus",1894,Auburn,Auburn Tigers,auburn-tigers,AUB,35,13,147.841,2026-05-03,2026-05-03T01:57:50+00:00,5,91.4,321.509,6,79.5,173.669,0,0,0,2,5,3,-1,0,1,0,-2337634,-2337634
on3_transfer_portal,https://www.on3.com/transfer-portal/team-rankings/basketball/2026/,2026-05-03T12:05:49+00:00,2026,645,2026-05-03T02:01:25+00:00,2026-05-04T02:00:00+00:00,Draft,"On300, Consensus",14543,Marquette,Marquette Golden Eagles,marquette-golden-eagles,MARQ,36,13,145.93,2026-05-03,2026-05-03T01:59:08+00:00,2,94.5,168.023,4,67.5,22.093,0,0,0,2,2,0,-1,0,1,0,1776092,1776092
on3_transfer_portal,https://www.on3.com/transfer-portal/team-rankings/basketball/2026/,2026-05-03T12:05:49+00:00,2026,645,2026-05-03T02:01:25+00:00,2026-05-04T02:00:00+00:00,Draft,"On300, Consensus",9533,Ohio State,Ohio State Buckeyes,ohio-state-buckeyes,OHST,37,11,119.873,2026-05-03,2026-05-03T01:58:40+00:00,4,87.5,226.074,6,73.5,106.201,0,0,0,2,4,2,0,0,0,0,-147430,-147430
on3_transfer_portal,https://www.on3.com/transfer-portal/team-rankings/basketball/2026/,2026-05-03T12:05:49+00:00,2026,645,2026-05-03T02:01:25+00:00,2026-05-04T02:00:00+00:00,Draft,"On300, Consensus",24635,Tennessee,Tennessee Volunteers,tennessee-volunteers,TENN,38,11,117.257,2026-05-03,2026-05-03T02:00:40+00:00,6,92.833,376.4,7,85,259.143,0,0,0,1,6,5,0,0,0,0,539092,539092
on3_transfer_portal,https://www.on3.com/transfer-portal/team-rankings/basketball/2026/,2026-05-03T12:05:49+00:00,2026,645,2026-05-03T02:01:25+00:00,2026-05-04T02:00:00+00:00,Draft,"On300, Consensus",17948,Georgia Tech,Georgia Tech Yellow Jackets,georgia-tech-yellow-jackets,GTECH,39,11,115.51,2026-05-03,2026-05-03T01:59:46+00:00,4,92,283.473,9,74.333,167.964,0,0,0,1,4,3,-1,0,1,1528009,-2024939,-3552948
on3_transfer_portal,https://www.on3.com/transfer-portal/team-rankings/basketball/2026/,2026-05-03T12:05:49+00:00,2026,645,2026-05-03T02:01:25+00:00,2026-05-04T02:00:00+00:00,Draft,"On300, Consensus",19488,Florida,Florida Gators,florida-gators,UF,40,10,108.015,2026-05-03,2026-05-03T01:59:53+00:00,1,93,74.294,2,60.5,-33.721,0,0,0,1,1,0,-1,0,1,0,2082758,2082758
on3_transfer_portal,https://www.on3.com/transfer-portal/team-rankings/basketball/2026/,2026-05-03T12:05:49+00:00,2026,645,2026-05-03T02:01:25+00:00,2026-05-04T02:00:00+00:00,Draft,"On300, Consensus",7576,Kansas State,Kansas State Wildcats,kansas-state-wildcats,KSST,41,10,106.135,2026-05-03,2026-05-03T01:58:19+00:00,10,74,238.418,9,69.778,132.283,0,0,0,2,4,2,2,3,1,2564638,544052,-2020586
on3_transfer_portal,https://www.on3.com/transfer-portal/team-rankings/basketball/2026/,2026-05-03T12:05:49+00:00,2026,645,2026-05-03T02:01:25+00:00,2026-05-04T02:00:00+00:00,Draft,"On300, Consensus",7226,Penn State,Penn State Nittany Lions,penn-state-nittany-lions,PSU,42,9,103.245,2026-05-03,2026-05-03T01:58:12+00:00,4,83.5,207.623,10,69,104.378,0,0,0,1,3,2,1,1,0,0,-1468226,-1468226
on3_transfer_portal,https://www.on3.com/transfer-portal/team-rankings/basketball/2026/,2026-05-03T12:05:49+00:00,2026,645,2026-05-03T02:01:25+00:00,2026-05-04T02:00:00+00:00,Draft,"On300, Consensus",3357,Arizona State,Arizona State Sun Devils,arizona-state-sun-devils,ASU,43,9,102.726,2026-05-03,2026-05-03T01:57:57+00:00,7,80.429,298.889,9,72.889,196.163,0,0,0,2,5,3,-1,0,1,1922570,2831643,909073
on3_transfer_portal,https://www.on3.com/transfer-portal/team-rankings/basketball/2026/,2026-05-03T12:05:49+00:00,2026,645,2026-05-03T02:01:25+00:00,2026-05-04T02:00:00+00:00,Draft,"On300, Consensus",15308,St. John's,St. John's Red Storm,st-johns-red-storm,St. John's,44,9,99.32,2026-05-03,2026-05-03T01:59:15+00:00,2,79.5,81.152,5,64,-18.168,0,0,0,1,1,0,1,1,0,0,1561659,1561659
on3_transfer_portal,https://www.on3.com/transfer-portal/team-rankings/basketball/2026/,2026-05-03T12:05:49+00:00,2026,645,2026-05-03T02:01:25+00:00,2026-05-04T02:00:00+00:00,Draft,"On300, Consensus",24860,UCF,UCF Knights,ucf-knights,UCF,45,9,97.945,2026-05-03,2026-05-03T02:00:45+00:00,7,70.143,141.113,6,65.833,43.168,0,0,0,2,2,0,2,2,0,0,257018,257018
on3_transfer_portal,https://www.on3.com/transfer-portal/team-rankings/basketball/2026/,2026-05-03T12:05:49+00:00,2026,645,2026-05-03T02:01:25+00:00,2026-05-04T02:00:00+00:00,Draft,"On300, Consensus",15453,Michigan State,Michigan State Spartans,michigan-state-spartans,MSU,46,9,94.412,2026-05-03,2026-05-03T01:59:22+00:00,1,94,79.845,1,60,-14.567,0,0,0,1,1,0,0,0,0,0,-5960,-5960
on3_transfer_portal,https://www.on3.com/transfer-portal/team-rankings/basketball/2026/,2026-05-03T12:05:49+00:00,2026,645,2026-05-03T02:01:25+00:00,2026-05-04T02:00:00+00:00,Draft,"On300, Consensus",15421,Michigan,Michigan Wolverines,michigan-wolverines,MICH,47,8,90.038,2026-05-03,2026-05-03T01:59:20+00:00,3,93.667,205.364,2,91.5,115.326,0,0,0,1,3,2,0,0,0,4047954,7082002,3034048
on3_transfer_portal,https://www.on3.com/transfer-portal/team-rankings/basketball/2026/,2026-05-03T12:05:49+00:00,2026,645,2026-05-03T02:01:25+00:00,2026-05-04T02:00:00+00:00,Draft,"On300, Consensus",5667,Wisconsin,Wisconsin Badgers,wisconsin-badgers,WIS,48,7,78.861,2026-05-03,2026-05-03T01:58:02+00:00,3,92.333,221.412,4,78.75,142.552,0,0,0,1,3,2,-1,0,1,1519445,-925869,-2445314
on3_transfer_portal,https://www.on3.com/transfer-portal/team-rankings/basketball/2026/,2026-05-03T12:05:49+00:00,2026,645,2026-05-03T02:01:25+00:00,2026-05-04T02:00:00+00:00,Draft,"On300, Consensus",20418,Virginia,Virginia Cavaliers,virginia-cavaliers,UVA,49,7,77.586,2026-05-03,2026-05-03T02:00:51+00:00,1,93,77.586,0,0,0,0,0,0,1,1,0,0,0,0,0,0,0
on3_transfer_portal,https://www.on3.com/transfer-portal/team-rankings/basketball/2026/,2026-05-03T12:05:49+00:00,2026,645,2026-05-03T02:01:25+00:00,2026-05-04T02:00:00+00:00,Draft,"On300, Consensus",19614,Georgetown,Georgetown Hoyas,georgetown-hoyas,GU,50,6,70.921,2026-05-03,2026-05-03T01:59:55+00:00,4,91.75,288.608,10,75,217.687,0,0,0,1,4,3,-1,0,1,0,-1889935,-1889935
on3_transfer_portal,https://www.on3.com/transfer-portal/team-rankings/basketball/2026/?page=2,2026-05-03T12:05:49+00:00,2026,645,2026-05-03T02:01:25+00:00,2026-05-04T02:00:00+00:00,Draft,"On300, Consensus",20485,Boston College,Boston College Eagles,boston-college-eagles,BC,51,6,69.618,2026-05-03,2026-05-03T02:00:07+00:00,7,77.714,233.839,11,72.545,164.221,0,0,0,1,4,3,1,2,1,0,-25777,-25777
on3_transfer_portal,https://www.on3.com/transfer-portal/team-rankings/basketball/2026/?page=2,2026-05-03T12:05:49+00:00,2026,645,2026-05-03T02:01:25+00:00,2026-05-04T02:00:00+00:00,Draft,"On300, Consensus",9486,North Carolina,North Carolina Tar Heels,north-carolina-tar-heels,UNC,52,6,64.085,2026-05-03,2026-05-03T01:58:38+00:00,4,87.25,208.554,10,76.3,144.47,0,0,0,-1,3,4,0,1,1,1861978,3921515,2059537
on3_transfer_portal,https://www.on3.com/transfer-portal/team-rankings/basketball/2026/?page=2,2026-05-03T12:05:49+00:00,2026,645,2026-05-03T02:01:25+00:00,2026-05-04T02:00:00+00:00,Draft,"On300, Consensus",7145,Pittsburgh,Pittsburgh Panthers,pittsburgh-panthers,PITT,53,6,62.043,2026-05-03,2026-05-03T01:58:09+00:00,8,76.125,234.372,8,74.75,172.329,0,0,0,0,4,4,3,3,0,0,2414698,2414698
on3_transfer_portal,https://www.on3.com/transfer-portal/team-rankings/basketball/2026/?page=2,2026-05-03T12:05:49+00:00,2026,645,2026-05-03T02:01:25+00:00,2026-05-04T02:00:00+00:00,Draft,"On300, Consensus",3248,Arkansas,Arkansas Razorbacks,arkansas-razorbacks,ARK,54,5,49.933,2026-05-03,2026-05-03T01:57:55+00:00,2,93,145.277,5,74.8,95.343,0,0,0,0,2,2,0,0,0,0,95810,95810
on3_transfer_portal,https://www.on3.com/transfer-portal/team-rankings/basketball/2026/?page=2,2026-05-03T12:05:49+00:00,2026,645,2026-05-03T02:01:25+00:00,2026-05-04T02:00:00+00:00,Draft,"On300, Consensus",23643,Texas Tech,Texas Tech Red Raiders,texas-tech-red-raiders,TTU,55,5,49.833,2026-05-03,2026-05-03T02:00:33+00:00,3,93.667,224.82,5,80.6,174.987,0,0,0,0,3,3,0,0,0,2814572,3382215,567643
on3_transfer_portal,https://www.on3.com/transfer-portal/team-rankings/basketball/2026/?page=2,2026-05-03T12:05:49+00:00,2026,645,2026-05-03T02:01:25+00:00,2026-05-04T02:00:00+00:00,Draft,"On300, Consensus",23814,Cincinnati,Cincinnati Bearcats,cincinnati-bearcats,CIN,56,4,43.442,2026-05-03,2026-05-03T02:00:36+00:00,10,79.7,364.485,10,78.6,321.043,0,0,0,3,8,5,1,1,0,1742311,578776,-1163535
on3_transfer_portal,https://www.on3.com/transfer-portal/team-rankings/basketball/2026/?page=2,2026-05-03T12:05:49+00:00,2026,645,2026-05-03T02:01:25+00:00,2026-05-04T02:00:00+00:00,Draft,"On300, Consensus",8024,Rutgers,Rutgers Scarlet Knights,rutgers-scarlet-knights,RU,57,3,36.597,2026-05-03,2026-05-03T01:58:23+00:00,4,69.5,69.951,8,65,33.354,0,0,0,4,4,0,0,0,0,0,1219227,1219227
on3_transfer_portal,https://www.on3.com/transfer-portal/team-rankings/basketball/2026/?page=2,2026-05-03T12:05:49+00:00,2026,645,2026-05-03T02:01:25+00:00,2026-05-04T02:00:00+00:00,Draft,"On300, Consensus",7862,Illinois,Illinois Fighting Illini,illinois-fighting-illini,ILL,58,3,33.81,2026-05-03,2026-05-03T01:58:21+00:00,1,96,86.667,4,72.25,52.857,0,0,0,-1,1,2,0,0,0,1531727,2792910,1261183
on3_transfer_portal,https://www.on3.com/transfer-portal/team-rankings/basketball/2026/?page=2,2026-05-03T12:05:49+00:00,2026,645,2026-05-03T02:01:25+00:00,2026-05-04T02:00:00+00:00,Draft,"On300, Consensus",17525,Missouri,Missouri Tigers,missouri-tigers,MIZZ,59,3,28.02,2026-05-03,2026-05-03T01:59:43+00:00,4,85.25,205.108,5,80.2,177.089,0,0,0,0,3,3,0,0,0,0,1576788,1576788
on3_transfer_portal,https://www.on3.com/transfer-portal/team-rankings/basketball/2026/?page=2,2026-05-03T12:05:49+00:00,2026,645,2026-05-03T02:01:25+00:00,2026-05-04T02:00:00+00:00,Draft,"On300, Consensus",21359,Utah,Utah Utes,utah-utes,UTAH,60,2,22.258,2026-05-03,2026-05-03T02:00:19+00:00,4,84.5,215.735,8,74.875,193.477,0,0,0,0,3,3,0,1,1,0,-1656549,-1656549
on3_transfer_portal,https://www.on3.com/transfer-portal/team-rankings/basketball/2026/?page=2,2026-05-03T12:05:49+00:00,2026,645,2026-05-03T02:01:25+00:00,2026-05-04T02:00:00+00:00,Draft,"On300, Consensus",9661,Northwestern,Northwestern Wildcats,northwestern-wildcats,NW,61,2,19.235,2026-05-03,2026-05-03T01:58:42+00:00,6,81.833,238.785,8,77.75,219.55,0,0,0,0,4,4,-2,0,2,0,-1193139,-1193139
on3_transfer_portal,https://www.on3.com/transfer-portal/team-rankings/basketball/2026/?page=2,2026-05-03T12:05:49+00:00,2026,645,2026-05-03T02:01:25+00:00,2026-05-04T02:00:00+00:00,Draft,"On300, Consensus",8296,Iowa,Iowa Hawkeyes,iowa-hawkeyes,IOWA,62,1,5.515,2026-05-03,2026-05-03T01:58:28+00:00,1,91,71.875,2,76.5,66.36,0,0,0,0,1,1,0,0,0,0,-1107287,-1107287
on3_transfer_portal,https://www.on3.com/transfer-portal/team-rankings/basketball/2026/?page=2,2026-05-03T12:05:49+00:00,2026,645,2026-05-03T02:01:25+00:00,2026-05-04T02:00:00+00:00,Draft,"On300, Consensus",13002,Duke,Duke Blue Devils,duke-blue-devils,DUKE,63,0,3.961,2026-05-03,2026-05-03T01:58:59+00:00,3,83.333,135.987,2,92,132.026,0,0,0,0,2,2,1,1,0,2190090,3692894,1502804
on3_transfer_portal,https://www.on3.com/transfer-portal/team-rankings/basketball/2026/?page=2,2026-05-03T12:05:49+00:00,2026,645,2026-05-03T02:01:25+00:00,2026-05-04T02:00:00+00:00,Draft,"On300, Consensus",3376,Arizona,Arizona Wildcats,arizona-wildcats,ARIZ,64,0,0,2026-05-03,2026-05-03T01:58:00+00:00,2,93,141.667,2,93,141.667,0,0,0,0,2,2,0,0,0,0,291579,291579
on3_transfer_portal,https://www.on3.com/transfer-portal/team-rankings/basketball/2026/?page=2,2026-05-03T12:05:49+00:00,2026,645,2026-05-03T02:01:25+00:00,2026-05-04T02:00:00+00:00,Draft,"On300, Consensus",8786,Purdue,Purdue Boilermakers,purdue-boilermakers,PUR,65,-1,-14.097,2026-05-03,2026-05-03T02:00:49+00:00,1,60,-14.097,0,0,0,0,0,0,1,1,0,0,0,0,1719514,1719514,0
on3_transfer_portal,https://www.on3.com/transfer-portal/team-rankings/basketball/2026/?page=2,2026-05-03T12:05:49+00:00,2026,645,2026-05-03T02:01:25+00:00,2026-05-04T02:00:00+00:00,Draft,"On300, Consensus",9150,Ole Miss,Ole Miss Rebels,ole-miss-rebels,MISS,66,-2,-18.3,2026-05-03,2026-05-03T01:58:35+00:00,6,75.333,154,9,74.889,172.3,0,0,0,0,3,3,1,1,0,0,-101767,-101767
on3_transfer_portal,https://www.on3.com/transfer-portal/team-rankings/basketball/2026/?page=2,2026-05-03T12:05:49+00:00,2026,645,2026-05-03T02:01:25+00:00,2026-05-04T02:00:00+00:00,Draft,"On300, Consensus",20319,Washington,Washington Huskies,washington-huskies,WASH,67,-2,-19.734,2026-05-03,2026-05-03T02:00:02+00:00,4,75.75,103.051,6,76,122.785,0,0,0,0,2,2,2,2,0,0,-1094738,-1094738
on3_transfer_portal,https://www.on3.com/transfer-portal/team-rankings/basketball/2026/?page=2,2026-05-03T12:05:49+00:00,2026,645,2026-05-03T02:01:25+00:00,2026-05-04T02:00:00+00:00,Draft,"On300, Consensus",23534,TCU,TCU Horned Frogs,tcu-horned-frogs,TCU,68,-6,-71.435,2026-05-03,2026-05-03T02:00:26+00:00,3,74,60.69,8,73.625,132.125,0,0,0,-2,1,3,-2,0,2,1772950,-559221,-2332171
on3_transfer_portal,https://www.on3.com/transfer-portal/team-rankings/basketball/2026/?page=2,2026-05-03T12:05:49+00:00,2026,645,2026-05-03T02:01:25+00:00,2026-05-04T02:00:00+00:00,Draft,"On300, Consensus",17954,Georgia,Georgia Bulldogs,georgia-bulldogs,UGA,69,-7,-74.111,2026-05-03,2026-05-03T01:59:48+00:00,4,85.5,181.836,6,84.333,255.947,0,0,0,-1,3,4,0,1,1,1912145,-864262,-2776407
on3_transfer_portal,https://www.on3.com/transfer-portal/team-rankings/basketball/2026/?page=2,2026-05-03T12:05:49+00:00,2026,645,2026-05-03T02:01:25+00:00,2026-05-04T02:00:00+00:00,Draft,"On300, Consensus",16845,Seton Hall,Seton Hall Pirates,seton-hall-pirates,SETON,70,-7,-76.327,2026-05-03,2026-05-03T01:59:41+00:00,5,68.4,43.027,10,69.3,119.354,0,0,0,0,2,2,1,1,0,0,-10640,-10640
on3_transfer_portal,https://www.on3.com/transfer-portal/team-rankings/basketball/2026/?page=2,2026-05-03T12:05:49+00:00,2026,645,2026-05-03T02:01:25+00:00,2026-05-04T02:00:00+00:00,Draft,"On300, Consensus",20147,Wake Forest,Wake Forest Demon Deacons,wake-forest-demon-deacons,WAKE,71,-9,-93.556,2026-05-03,2026-05-03T02:00:00+00:00,6,71,93.061,10,72.5,186.618,-1,0,1,0,2,2,0,2,2,0,-1830724,-1830724
on3_transfer_portal,https://www.on3.com/transfer-portal/team-rankings/basketball/2026/?page=2,2026-05-03T12:05:49+00:00,2026,645,2026-05-03T02:01:25+00:00,2026-05-04T02:00:00+00:00,Draft,"On300, Consensus",10511,Notre Dame,Notre Dame Fighting Irish,notre-dame-fighting-irish,ND,72,-9,-97.666,2026-05-03,2026-05-03T01:58:52+00:00,4,76.75,106.9,7,79,204.566,0,0,0,-1,2,3,-2,1,3,0,-1761391,-1761391
on3_transfer_portal,https://www.on3.com/transfer-portal/team-rankings/basketball/2026/?page=2,2026-05-03T12:05:49+00:00,2026,645,2026-05-03T02:01:25+00:00,2026-05-04T02:00:00+00:00,Draft,"On300, Consensus",21256,Butler,Butler Bulldogs,butler-bulldogs,BUT,73,-9,-101.257,2026-05-03,2026-05-03T02:00:17+00:00,4,69.25,44.705,7,74.286,145.962,0,0,0,-1,1,2,-1,0,1,0,-9477,-9477
on3_transfer_portal,https://www.on3.com/transfer-portal/team-rankings/basketball/2026/?page=2,2026-05-03T12:05:49+00:00,2026,645,2026-05-03T02:01:25+00:00,2026-05-04T02:00:00+00:00,Draft,"On300, Consensus",1867,Alabama,Alabama Crimson Tide,alabama-crimson-tide,BAMA,74,-9,-103.422,2026-05-03,2026-05-03T01:57:48+00:00,4,86.25,185.113,4,93.75,288.535,0,0,0,-1,3,4,1,1,0,1740343,895163,-845180
on3_transfer_portal,https://www.on3.com/transfer-portal/team-rankings/basketball/2026/?page=2,2026-05-03T12:05:49+00:00,2026,645,2026-05-03T02:01:25+00:00,2026-05-04T02:00:00+00:00,Draft,"On300, Consensus",24749,Colorado,Colorado Buffaloes,colorado-buffaloes,COL,75,-10,-111.098,2026-05-03,2026-05-03T02:00:43+00:00,2,76,60.101,10,72,171.199,0,0,0,-2,1,3,1,1,0,0,-1921696,-1921696
on3_transfer_portal,https://www.on3.com/transfer-portal/team-rankings/basketball/2026/?page=2,2026-05-03T12:05:49+00:00,2026,645,2026-05-03T02:01:25+00:00,2026-05-04T02:00:00+00:00,Draft,"On300, Consensus",15221,Stanford,Stanford Cardinal,stanford-cardinal,STAN,76,-12,-127.99,2026-05-03,2026-05-03T01:59:12+00:00,0,0,0,5,75.6,127.99,0,0,0,-2,0,2,0,0,0,0,-21775,-21775
on3_transfer_portal,https://www.on3.com/transfer-portal/team-rankings/basketball/2026/?page=2,2026-05-03T12:05:49+00:00,2026,645,2026-05-03T02:01:25+00:00,2026-05-04T02:00:00+00:00,Draft,"On300, Consensus",7567,Kansas,Kansas Jayhawks,kansas-jayhawks,KAN,77,-14,-154.687,2026-05-03,2026-05-03T01:58:16+00:00,3,85,140.079,9,79.444,294.766,-1,0,1,-1,3,4,0,0,0,2063514,534361,-1529153
on3_transfer_portal,https://www.on3.com/transfer-portal/team-rankings/basketball/2026/?page=2,2026-05-03T12:05:49+00:00,2026,645,2026-05-03T02:01:25+00:00,2026-05-04T02:00:00+00:00,Draft,"On300, Consensus",14458,LSU,LSU Tigers,lsu-tigers,LSU,78,-21,-230.153,2026-05-03,2026-05-03T01:59:06+00:00,1,93,73.867,11,77.545,304.02,0,0,0,-5,1,6,0,0,0,0,-2086008,-2086008
on3_transfer_portal,https://www.on3.com/transfer-portal/team-rankings/basketball/2026/?page=2,2026-05-03T12:05:49+00:00,2026,645,2026-05-03T02:01:25+00:00,2026-05-04T02:00:00+00:00,Draft,"On300, Consensus",12013,Kentucky,Kentucky Wildcats,kentucky-wildcats,UK,79,-23,-249.69,2026-05-03,2026-05-03T01:58:57+00:00,4,85.5,173.63,7,92.857,423.32,0,0,0,-3,4,7,0,0,0,4177215,2155657,-2021558
